source,id,doi,pmid,year,venue,title
OpenAlex,W4383744437,10.1016/j.bspc.2023.105259,,2023,Biomedical Signal Processing and Control,Non-invasive way to diagnose dysphagia by training deep learning model with voice spectrograms
OpenAlex,W4388975157,10.3389/fnins.2023.1302132,,2023,Frontiers in Neuroscience,Machine-learning assisted swallowing assessment: a deep learning-based quality improvement tool to screen for post-stroke dysphagia
OpenAlex,W4225323890,10.1109/icassp43922.2022.9747732,,2022,"ICASSP 2022 - 2022 IEEE International Conference on Acoustics, Speech and Signal Processing (ICASSP)",SegNet-Based Deep Representation Learning for Dysphagia Classification
OpenAlex,W4402094861,10.1038/s41598-024-70774-z,,2024,Scientific Reports,Deep learning approach for dysphagia detection by syllable-based speech analysis with daily conversations
OpenAlex,W4310334736,10.1109/jbhi.2022.3224323,,2022,IEEE Journal of Biomedical and Health Informatics,Autonomous Swallow Segment Extraction Using Deep Learning in Neck-Sensor Vibratory Signals From Patients With Dysphagia
OpenAlex,W4403411529,10.1016/j.bspc.2024.107030,,2024,Biomedical Signal Processing and Control,"Dysphagia screening with sEMG, accelerometry and speech: Multimodal machine and deep learning approaches"
OpenAlex,W4401273361,10.3389/fbioe.2024.1433087,,2024,Frontiers in Bioengineering and Biotechnology,A deep learning approach to dysphagia-aspiration detecting algorithm through pre- and post-swallowing voice changes
OpenAlex,W4403485039,10.2478/ebtj-2024-0017,,2024,The EuroBiotech Journal,Examining Tongue Movement Intentions in EEG-Based BCI with Machine and Deep Learning: An Approach for Dysphagia Rehabilitation
OpenAlex,W4414617036,10.1016/j.radonc.2025.111169,,2025,Radiotherapy and Oncology,"Deep learning NTCP model for late dysphagia after radiotherapy for head and neck cancer patients based on 3D dose, CT and segmentations"
OpenAlex,W4404577232,10.23919/eusipco63174.2024.10715457,,2024,,Examining Tongue Movement Intentions in EEG with Machine and Deep Learning: An Approach for Dysphagia Rehabilitation
OpenAlex,W4235823940,10.17077/etd.005452,,2020,,A Deep Learning Approach to Detecting Dysphagia in Videofluoroscopy
OpenAlex,W4220932203,10.3346/jkms.2022.37.e42,,2022,Journal of Korean Medical Science,Deep Learning Analysis to Automatically Detect the Presence of Penetration or Aspiration in Videofluoroscopic Swallowing Study
OpenAlex,W4401430579,10.1177/20552076241271778,,2024,Digital Health,Diagnostic value of a deep learning-based hyoid bone tracking model for aspiration in patients with post-stroke dysphagia
OpenAlex,W2886531606,10.1038/s41598-018-30182-6,,2018,Scientific Reports,Automatic hyoid bone detection in fluoroscopic images using deep learning
OpenAlex,W3030237993,10.1038/s41598-020-65492-1,,2020,Scientific Reports,Non-invasive identification of swallows via deep learning in high resolution cervical auscultation recordings
OpenAlex,W4401750149,10.1109/isbi56570.2024.10635369,,2024,,New Deep Learning-Based Approach for Dysphagia Assessment from Videofluoroscopy Swallowing Studies
OpenAlex,W4415647988,10.21203/rs.3.rs-7823321/v1,,2025,Research Square,Deep Learning-Based Classification of Dysphagia Severity Using M-Mode Ultrasound Imaging
OpenAlex,W3083842555,10.3390/app10186179,,2020,Applied Sciences,Automatic Detection of Airway Invasion from Videofluoroscopy via Deep Learning Technology
OpenAlex,W3175608620,10.3390/diagnostics11071147,,2021,Diagnostics,Hyoid Bone Tracking in a Videofluoroscopic Swallowing Study Using a Deep-Learning-Based Segmentation Network
OpenAlex,W4385213305,10.1016/s0167-8140(23)08502-x,,2023,Radiotherapy and Oncology,"OC-0088 Deep learning NTCP model for late dysphagia based on 3D dose, CT and segmentations"
OpenAlex,W4224301956,10.2196/29455,,2022,Journal of Medical Internet Research,Optimal Treatment Selection in Sequential Systemic and Locoregional Therapy of Oropharyngeal Squamous Carcinomas: Deep Q-Learning With a Patient-Physician Digital Twin Dyad
OpenAlex,W4225109383,10.1007/s00455-022-10438-0,,2022,Dysphagia,Deep Learning for Automatic Hyoid Tracking in Videofluoroscopic Swallow Studies
OpenAlex,W3163721054,10.1016/s0016-5085(21)01084-2,,2021,Gastroenterology,690 CLASSIFICATION OF FUNCTIONAL DYSPHAGIA IN ADULTS USING DEEP STRUCTURED LEARNING OF ESOPHAGEAL INTRALUMINAL ELECTRICAL ADMITTANCE MEASUREMENTS
OpenAlex,W4200424963,10.1088/1361-6560/ac4000,,2021,Physics in Medicine and Biology,Prospectively-validated deep learning model for segmenting swallowing and chewing structures in CT
OpenAlex,W4411477215,10.1101/2025.06.20.25329926,,2025,medRxiv,"Deep learning NTCP model for late dysphagia after radiotherapy for head and neck cancer patients based on 3D dose, CT and segmentations"
OpenAlex,W3027672453,10.1109/isbi45749.2020.9098510,,2020,,A Deep Learning Approach to Video Fluoroscopic Swallowing Exam Classification
OpenAlex,W3133477037,10.3390/diagnostics11020300,,2021,Diagnostics,Automatic Pharyngeal Phase Recognition in Untrimmed Videofluoroscopic Swallowing Study Using Transfer Learning with Deep Convolutional Neural Networks
OpenAlex,W4308262271,10.1038/s41598-022-21530-8,,2022,Scientific Reports,A preliminary deep learning study on automatic segmentation of contrast-enhanced bolus in videofluorography of swallowing
OpenAlex,W4390604273,10.1007/s11554-023-01398-1,,2024,Journal of Real-Time Image Processing,Deep learning models for bolus segmentation in videofluoroscopic swallow studies
OpenAlex,W4368360228,10.1002/mp.16431,,2023,Medical Physics,Patient selection for proton therapy using Normal Tissue Complication Probability with deep learning dose prediction for oropharyngeal cancer
OpenAlex,W4408849736,10.2196/65551,,2025,Journal of Medical Internet Research,Current Technological Advances in Dysphagia Screening: Systematic Scoping Review
OpenAlex,W4387745475,10.1016/j.ultrasmedbio.2023.09.008,,2023,Ultrasound in Medicine & Biology,Bedside Ultrasound to Identify and Predict Severity of Dysphagia Following Ischemic Stroke: Human Versus Artificial Intelligence
OpenAlex,W4386736819,10.1109/access.2023.3315342,,2023,IEEE Access,Comparative Analysis of Deep Learning Architectures for Penetration and Aspiration Detection in Videofluoroscopic Swallowing Studies
OpenAlex,W3199961858,10.21203/rs.3.rs-884186/v1,,2021,Research Square,Deep Learning Analysis to Automatically Detect the Presence of Penetration or Aspiration in Videofluoroscopic Swallowing Study
OpenAlex,W3168459695,10.1101/2021.06.10.21258624,,2021,medRxiv,DEEP LEARNING TISSUE ANALYSIS DIAGNOSES AND PREDICTS TREATMENT RESPONSE IN EOSINOPHILIC ESOPHAGITIS
OpenAlex,W4406120141,10.1038/s41746-024-01417-w,,2025,npj Digital Medicine,Multimodal deep ensemble classification system with wearable vibration sensor for detecting throat-related events
OpenAlex,W4224316991,10.1016/j.autrev.2022.103105,,2022,Autoimmunity Reviews,A machine learning analysis to predict the response to intravenous and subcutaneous immunoglobulin in inflammatory myopathies. A proposal for a future multi-omics approach in autoimmune diseases
OpenAlex,W2974609348,10.1101/772178,,2019,bioRxiv (Cold Spring Harbor Laboratory),Deep learning-based auto-segmentation of swallowing and chewing structures
OpenAlex,W2737403743,10.1016/j.jfoodeng.2017.10.016,,2017,Journal of Food Engineering,A new take on measuring relative nutritional density: The feasibility of using a deep neural network to assess commercially-prepared puréed food concentrations
OpenAlex,W4408914827,10.1016/j.matdes.2025.113861,,2025,Materials & Design,2H-MoS2 lubrication-enhanced MWCNT nanocomposite for subtle bio-motion piezoresistive detection with deep learning integration
OpenAlex,W3161072732,10.2139/ssrn.3831854,,2021,SSRN Electronic Journal,Deep Learning-Based Auto-Segmentation and Evaluation of Vallecular Residue in Videofluoroscopy
OpenAlex,W4400446910,10.1002/advs.202404211,,2024,Advanced Science,Automatic Clinical Assessment of Swallowing Behavior and Diagnosis of Silent Aspiration Using Wireless Multimodal Wearable Electronics
OpenAlex,W3155126912,10.1101/2021.04.07.21255092,,2021,medRxiv,Optimal policy determination in sequential systemic and locoregional therapy of oropharyngeal squamous carcinomas: A patient-physician digital twin dyad with deep Q-learning for treatment selection
OpenAlex,W4417520380,10.1016/j.radonc.2025.111352,,2025,Radiotherapy and Oncology,"Same risk, different scales: outcome calibration and contour provenance in a 3D deep NTCP for dysphagia?"
OpenAlex,W4387613575,10.1002/mp.16782,,2023,Medical Physics,Technical note: Evaluation of deep learning based synthetic CTs clinical readiness for dose and NTCP driven head and neck adaptive proton therapy
OpenAlex,W4413297570,10.3389/fmed.2025.1624381,,2025,Frontiers in Medicine,Artificial intelligence in dysphagia since the 21st century: a bibliometric and visualization study
OpenAlex,W4409964004,10.1016/j.jvoice.2025.04.010,,2025,Journal of Voice,Artificial Intelligence in Speech-Language Pathology and Dysphagia: A Review From Latin American Perspective and Pilot Test of LLMs for Rehabilitation Planning
OpenAlex,W4410738807,10.1109/access.2025.3573282,,2025,IEEE Access,"Deep Learning for Video Fluoroscopic Swallowing Study Analysis: A Survey on Classification, Detection, and Segmentation Techniques"
OpenAlex,W3091161122,10.1016/j.future.2020.09.040,,2020,Future Generation Computer Systems,Estimation of laryngeal closure duration during swallowing without invasive X-rays
OpenAlex,W4412937545,10.1590/2317-1782/e20240305en,,2025,CoDAS,Artificial intelligence in the diagnosis and management of dysphagia: a scoping review
OpenAlex,W4283311664,10.3390/biology11070951,,2022,Biology,Improving the Accuracy of Diagnosis for Multiple-System Atrophy Using Deep Learning-Based Method
OpenAlex,W3022957566,10.1016/j.wneu.2020.01.189,,2020,World Neurosurgery,Letter to the Editor Regarding “Investigating Risk Factors and Predicting Complications in Deep Brain Stimulation Surgery with Machine Learning Algorithms”
OpenAlex,W4412086077,10.1038/s41598-025-10397-0,,2025,Scientific Reports,Deep learning-based video analysis for automatically detecting penetration and aspiration in videofluoroscopic swallowing study
OpenAlex,W4404056683,10.1109/jsen.2024.3487992,,2024,IEEE Sensors Journal,Deep Learning-Enabled Swallowing Monitoring and Postoperative Recovery Biosensing System
OpenAlex,W3094278133,10.1016/j.ijrobp.2020.07.2329,,2020,International Journal of Radiation Oncology*Biology*Physics,Deep Learning Based and Atlas Based Auto-Segmentation for Swallowing-Related Organs for Head-and-Neck Cancer
OpenAlex,W7135021668,10.52225/narrarev.v1i3.15,,2025,Narra Review,Predicting post-radiotherapy dysphagia in head and neck cancer: A narrative review of emerging artificial intelligence models
OpenAlex,W2095483941,10.1055/s-0031-1297941,,2011,Hormone and Metabolic Research,Experimental Models of Developmental Hypothyroidism
OpenAlex,W4412562770,10.21203/rs.3.rs-7007189/v1,,2025,Research Square,Prediction of dysphagia severity after lateral medullary infarction with deep learning
OpenAlex,W7130532083,10.1038/s41598-026-40751-9,,2026,Scientific Reports,Classification of dysphagia severity after lateral medullary infarction with deep learning
OpenAlex,W4311763275,10.1038/s41598-022-25618-z,,2022,Scientific Reports,Expert-level aspiration and penetration detection during flexible endoscopic evaluation of swallowing with artificial intelligence-assisted diagnosis
OpenAlex,W4402488926,10.1515/cdbme-2024-1055,,2024,Current Directions in Biomedical Engineering,Deep Learning-based Artificial Intelligence in Audio based Analysis of Swallowing using Cervical Auscultation
OpenAlex,W4389082677,10.3390/bdcc7040178,,2023,Big Data and Cognitive Computing,Artificial Intelligence in the Interpretation of Videofluoroscopic Swallow Studies: Implications and Advances for Speech–Language Pathologists
OpenAlex,W7113461806,,,2024,Taipei Medical University Repository,Deep Learning Analysis for the Automatic Measurement of Key Dysphagia Events in Videofluoroscopic Swallowing Studies
OpenAlex,W4280553115,10.3233/shti220371,,2022,Studies in health technology and informatics,SAINTENS: Self-Attention and Intersample Attention Transformer for Digital Biomarker Development Using Tabular Healthcare Real World Data
OpenAlex,W7164802913,10.1145/3810209,,2026,Proceedings of the ACM on Interactive Mobile Wearable and Ubiquitous Technologies,"OptiTexture: A Low-Cost, Optical-Deep Learning Solution for Objective Food Texture Assessment in Dysphagia Care"
OpenAlex,W4394598011,10.1212/wnl.0000000000208174,,2024,Neurology,Machine-learning Assisted Swallowing Assessment: A Deep Learning-based Quality Improvement Tool to Screen for Post-stroke Dysphagia (S6.004)
OpenAlex,W3195759619,10.1044/2021_jslhr-21-00134,,2021,Journal of Speech Language and Hearing Research,Characterizing Swallows From People With Neurodegenerative Diseases Using High-Resolution Cervical Auscultation Signals and Temporal and Spatial Swallow Kinematic Measurements
OpenAlex,W4410560995,10.1016/s0167-8140(25)01072-2,,2025,Radiotherapy and Oncology,2463 Full dysphagia toxicity score trajectory prediction using deep learning; a multi-label and sequential approach
OpenAlex,W4205233282,10.2196/preprints.29455,,2021,,Optimal Treatment Selection in Sequential Systemic and Locoregional Therapy of Oropharyngeal Squamous Carcinomas: Deep Q-Learning With a Patient-Physician Digital Twin Dyad (Preprint)
OpenAlex,W7161943068,10.1038/s41598-026-53618-w,,2026,Scientific Reports,Post-swallowing voice-based aspiration screening in dysphagia using a deep learning approach: insights from audio segmentation
OpenAlex,W3111108096,10.1044/2020_persp-20-00073,,2020,Perspectives of the ASHA Special Interest Groups,Automatic Estimation of Laryngeal Vestibule Closure Duration Using High-Resolution Cervical Auscultation Signals
OpenAlex,W4396638140,10.1016/s0016-5085(24)00683-8,,2024,Gastroenterology,345 IS THE PERISTALTIC PRESSURE PROFILE IN FUNCTIONAL DYSPHAGIA PATIENTS TRULY NORMAL? UNCOVERING NOVEL PERSPECTIVES THROUGH DEEP LEARNING ARTIFICIAL INTELLIGENCE
OpenAlex,W4412418951,10.1002/mp.17937,,2025,Medical Physics,Transfer learning for DL‐based Synthetic CT after reconstruction algorithm upgrade in a proton therapy clinic
OpenAlex,W3004259184,10.14326/abe.9.10,,2020,Advanced Biomedical Engineering,Swallowing Pattern Classification Method Using Multichannel Surface EMG Signals of Suprahyoid and Infrahyoid Muscles
OpenAlex,W2911195687,10.1016/j.jns.2019.01.032,,2019,Journal of the Neurological Sciences,A juvenile sporadic amyotrophic lateral sclerosis case with P525L mutation in the FUS gene: A rare co-occurrence of autism spectrum disorder and tremor
OpenAlex,W2024743553,10.1053/j.gastro.2013.04.057,,2013,Gastroenterology,Peroral Endoscopic Myotomy for the Treatment of Achalasia: An International Prospective Multicenter Study
OpenAlex,W4309228625,10.1109/niles56402.2022.9942378,,2022,,AI-Powered Toolkit for Automated Swallowing Kinematics Analysis in X-Ray Videofluoroscopy
OpenAlex,W2257116799,10.12890/2016_000363,,2016,European Journal of Case Reports in Internal Medicine,Unexpected Complication of a Multinodular Goitre
OpenAlex,W3156067807,10.1117/12.2588591,,2021,,On the robustness of high-resolution cervical auscultation-based detection of upper esophageal sphincter opening duration in diverse populations
OpenAlex,W4285093981,10.12890/2022_003439,,2022,European Journal of Case Reports in Internal Medicine,Myasthenia Gravis Presenting after Administration of the mRNA-1273 Vaccine
OpenAlex,W4388785097,10.1016/j.anl.2023.11.004,,2023,Auris Nasus Larynx,Effectiveness of FEES with artificial intelligence-assisted computer-aided diagnosis
OpenAlex,W4386349942,10.52225/narra.v3i2.237,,2023,Narra J,Role of forkhead box protein 2 (FOXP2) in oral-motor abilities of preterm infants: A brief literature review
OpenAlex,W4386374120,10.20944/preprints202308.2166.v1,,2023,Preprints.org,Artificial Intelligence in the Interpretation of Videofluoroscopic Swallowing Studies: Implications and Advances for Speech Pathologists
OpenAlex,W4413182059,10.3390/cancers17162620,,2025,Cancers,A Decision-Making Method for Photon/Proton Selection for Nasopharyngeal Cancer Based on Dose Prediction and NTCP
OpenAlex,W4410988389,10.61403/2689-6443.1370,,2025,Teaching and Learning in Communication Sciences & Disorders,Case-Based Learning for Dysphagia Continuing Education: Participant Perceptions on Facilitators and Barriers
OpenAlex,W4386100370,10.1093/eurheartj/ehad535,,2023,European Heart Journal,"Sodium-based paracetamol: impact on blood pressure, cardiovascular events, and all-cause mortality"
OpenAlex,W1966981693,10.1002/lary.21730,,2011,The Laryngoscope,Endoscopic‐assisted radiofrequency lingual tonsillectomy
OpenAlex,W7161571833,10.17605/osf.io/z89eq,,2026,Open MIND,Artificial Intelligence and Machine Learning Applications for Pediatric Dysphagia and Feeding Disorders: A Scoping Review
OpenAlex,W7153416450,,,2025,Open MIND,Application and Advances of Intelligent Technology in Dysphagia Prediction
OpenAlex,W7154570175,10.17605/osf.io/4vsua,,2025,Open Science Framework,Application and Advances of Intelligent Technology in Dysphagia Prediction
OpenAlex,W7163070283,10.17605/osf.io/q67xj,,2026,Open MIND,New Perspectives on Artificial Intelligence Intervenes Dysphagia: a Scoping Review
OpenAlex,W7163362168,10.1007/s11548-026-03727-8,,2026,International Journal of Computer Assisted Radiology and Surgery,Deep learning for early detection of Zenker’s diverticulum based on swallowing sound analysis
OpenAlex,W4413049863,10.1016/j.dib.2025.111890,,2025,Data in Brief,"ChewNet: A multimodal dataset for invivo and invitro beef and plant-based burger patty boluses with images, texture, and force profiles"
OpenAlex,W7160902023,10.1177/20552076261450337,,2026,Digital Health,Application of intelligent technologies for dysphagia risk prediction: A scoping review
OpenAlex,W4416786864,10.1136/bmjopen-2025-108726,,2025,BMJ Open,Artificial intelligence tools for the assessment and management of dysphagia: protocol for a scoping review
OpenAlex,W7130314043,10.1109/tencon66050.2025.11375356,,2025,,Electroencephalogram-Based Feature Classification During Swallowing Using Deep Learning
OpenAlex,W3047096628,10.25904/1912/3901,,2020,,"Dysphagia in the Community: Perspectives and Experiences of Speech Pathologists, Clients, and Caregivers"
OpenAlex,W4412849187,10.1111/joor.70030,,2025,Journal of Oral Rehabilitation,Automated Assessment of Test of Masticating and Swallowing Solids Using a Neck‐Worn Electronic Stethoscope: A Pilot Study
OpenAlex,W4407166198,10.1016/j.compbiomed.2025.109759,,2025,Computers in Biology and Medicine,Automated dysphagia characterization in head and neck cancer patients using videofluoroscopic swallowing studies
OpenAlex,W2610833027,,,2017,CLOK (University of Central Lancashire),Professional issues in paediatric dysphagia: what are the implications for research and clinical practice?
OpenAlex,W4410088079,10.2196/preprints.65551,,2024,,Current Technological Advances in Dysphagia Screening: Systematic Scoping Review (Preprint)
OpenAlex,W3213284306,10.1097/cm9.0000000000001838,,2021,Chinese Medical Journal,A possible endoscopic therapy for large hiatal hernia complicated with refractory gastroesophageal reflux disease
OpenAlex,W7161724650,10.1109/jbhi.2026.3695144,,2026,IEEE Journal of Biomedical and Health Informatics,SPARNet: A Framework for Airway Invasion Tracking from Fluoroscopic Videos of Dysphagia Patients
OpenAlex,W4412037632,10.17771/pucrio.acad.71415,,2024,,USO DE TÉCNICAS DE DEEP LEARNING PARA A CLASSIFICAÇÃO DE VÍDEOS DE EXAMES MÉDICOS
OpenAlex,W7130465511,10.1016/j.bspc.2026.109861,,2026,Biomedical Signal Processing and Control,EEG-based decoding of swallowing intention using a transformer-enhanced deep learning approach
OpenAlex,W4210849386,10.21203/rs.3.rs-1290779/v1,,2022,Research Square,Automatic segmentation of contrast-enhanced bolus in videofluorography images of swallowing using deep learning: a preliminary study
OpenAlex,W4414667744,10.1093/jpids/piaf072.001,,2025,Journal of the Pediatric Infectious Diseases Society,StrepApp: A Deep Learning-Based Tool for Diagnosis of GAS Pharyngitis in Pediatric Patients
OpenAlex,W7135023929,10.2139/ssrn.6332441,,2026,SSRN Electronic Journal,Monitoring plan quality in clinically integrated deep learning-based IMPT planning for oropharyngeal cancer patients
OpenAlex,W7114919125,10.1109/jsen.2025.3640772,,2025,IEEE Sensors Journal,AI-Enhanced Optical Sensing and Digital Twin Training for Tongue Spatial Localization in Intraoral Endoscopy for Dysphagia Assessment
OpenAlex,W4385213756,10.1016/s0167-8140(23)08840-0,,2023,Radiotherapy and Oncology,PD-0251 Clinical implementation of deep learning automated robust IMPT planning for oropharyngeal cancer
OpenAlex,W4405040239,10.2139/ssrn.5039974,,2024,SSRN Electronic Journal,Mos2-Lubricated and Toughened Mwcnt Nanocomposite for Subtle Bio-Motion Piezoresistive Detection with Deep Learning Integration
OpenAlex,W1972503013,10.1111/j.1469-8749.2010.03901.x,,2011,Developmental Medicine & Child Neurology,Hereditary motor sensory neuropathy (type 1) presenting with transient and persistent central nervous system manifestations: a novel genetic mutation
OpenAlex,W7131850170,10.3390/s26051498,,2026,Sensors,Quantification of Tongue Motor Dysfunction in Amyotrophic Lateral Sclerosis Using a Smartphone-Based Task and Deep Learning
OpenAlex,W7155697524,10.1016/j.phro.2026.100978,,2026,Physics and Imaging in Radiation Oncology,An evaluation of uncertainty quantification methods and measures for deep learning outcome prediction models in head and neck cancer radiotherapy
OpenAlex,W4417406789,10.2139/ssrn.5894424,,2025,SSRN Electronic Journal,A multi-toxicity deep learning approach for normal tissue complication probability modelling in head and neck cancer patients receiving radiotherapy
OpenAlex,W285542492,,,2012,CLOK (University of Central Lancashire),Deconstructing clinical practice and searching for scientific foundations : examining decision-making scaffolds underpinning intervention choices by speech and language therapists
OpenAlex,W7138096378,10.1016/j.radonc.2026.111486,,2026,Radiotherapy and Oncology,A multi-toxicity deep learning approach for normal tissue complication probability modelling in head and neck cancer patients receiving radiotherapy
OpenAlex,W4416756243,10.1109/jsen.2025.3633321,,2025,IEEE Sensors Journal,A Portable and Noninvasive Device for Classifying and Detecting Swallowing and Respiratory Behaviors Using Deep Learning
OpenAlex,W4405330456,10.3390/jcm13247557,,2024,Journal of Clinical Medicine,Learnability of Ultrasound-Guided Locoregional Anesthesia for Carotid Endarterectomy
OpenAlex,W4307064681,10.1016/j.ijrobp.2022.07.885,,2022,International Journal of Radiation Oncology*Biology*Physics,Using Prediction Uncertainty to Identify Reliable Predictions for a Deep Learning Model that Predicts the Need for Early Feeding Tube Placement
OpenAlex,W3216018630,10.1093/rap/rkab068.003,,2021,Rheumatology Advances in Practice,P04 Primary mediastinal large B-cell lymphoma in a Caucasian female with anti-SAE-1 positive dermatomyositis
OpenAlex,W3023803028,10.1016/j.wneu.2020.03.016,,2020,World Neurosurgery,In Reply to the Letter to the Editor Regarding “Investigating Risk Factors and Predicting Complications in Deep Brain Stimulation Surgery with Machine Learning Algorithms”
OpenAlex,W4413242176,10.2139/ssrn.5384689,,2025,SSRN Electronic Journal,Evaluation of a Clinically Integrated Deep Learning-Based Impt Planning Model for Oropharyngeal Cancer Patients: Patient-Specific Plan Quality and Model Performance Over Time
OpenAlex,W4416879348,10.1016/j.compbiomed.2025.111361,,2025,Computers in Biology and Medicine,Automated detection of chewing movements in videofluoroscopic swallowing studies using deep learning for landmark detection and motion analysis
OpenAlex,W2167527330,10.1016/j.otot.2013.04.006,,2013,Operative Techniques in Otolaryngology-Head and Neck Surgery,Surgical management of the base of tongue
OpenAlex,W3170442673,10.1002/mdc3.13269,,2021,Movement Disorders Clinical Practice,The Spectrum of Movement Disorders in Neuroacanthocytosis Syndromes: A Video Series
OpenAlex,W2932810169,10.1097/phm.0000000000001186,,2019,American Journal of Physical Medicine & Rehabilitation,A 23-Year-Old Male Patient With History of Severe Traumatic Brain Injury Presents to Inpatient Rehabilitation With Left Hip Pain and Decreased Range of Motion
OpenAlex,W3026396665,10.1115/1.4047285,,2020,Journal of Engineering and Science in Medical Diagnostics and Therapy,Soft Medical Robots-Revamping the Diagnostics and Therapeutics Technologies
OpenAlex,W4367840700,10.2106/jbjs.23.00125,,2023,Journal of Bone and Joint Surgery,What’s New in Spine Surgery
OpenAlex,W1538132181,10.1044/leader.ftr2.16092011.14,,2011,ASHA Leader,Clinical Doctorate in Speech-Language Pathology
OpenAlex,W2167432095,10.1016/j.jada.2011.01.003,,2011,Journal of the American Dietetic Association,"American Dietetic Association: Standards of Practice and Standards of Professional Performance for Registered Dietitians (Competent, Proficient, and Expert) in Extended Care Settings"
OpenAlex,W2170449092,10.1097/nhh.0b013e3182173ac1,,2011,Home Healthcare Nurse,Pressure Ulcers at End of Life
OpenAlex,W4226245664,10.1214/23-aoas1743,,2023,The Annals of Applied Statistics,Bayesian learning of Covid-19 vaccine safety while incorporating adverse events ontology
OpenAlex,W4206564203,10.1542/pir.32.6.e66,,2011,Pediatrics in Review,Psychogenic Nonepileptic Seizures (Pseudoseizures)
OpenAlex,W7167619650,10.2174/0115672026477902260702064111,,2026,Current Neurovascular Research,The Technological Advances in Artificial Intelligence-assisted Diagnosis ofDysphagia: A Mini Review
OpenAlex,W4405652952,10.3389/fnins.2024.1524097,,2024,Frontiers in Neuroscience,Editorial: Advances in non-invasive brain stimulation techniques
OpenAlex,W4409045033,10.4037/ccn2025881,,2025,Critical Care Nurse,Professional Identity Booster
OpenAlex,W4392055742,10.1016/j.cgh.2023.10.034,,2024,Clinical Gastroenterology and Hepatology,AGA Clinical Practice Update on High-Quality Upper Endoscopy: Expert Review
OpenAlex,W3122680105,10.1016/j.gie.2020.08.006,,2021,Gastrointestinal Endoscopy,Preoperative predictors of poor response to peroral endoscopic myotomy: Have we found the crystal ball?
OpenAlex,W3178779930,10.1016/j.bjae.2021.05.004,,2021,BJA Education,Cerebral circulation 1: anatomy
OpenAlex,W4205449316,10.1542/pir.34.2.63,,2013,Pediatrics in Review,Childhood Brain Tumors
OpenAlex,W2532847786,10.1016/j.pmrj.2016.09.006,,2016,PM&R,Should Ultrasound Be Used Routinely to Guide Botulinum Toxin Injections for Spasticity?
OpenAlex,W4361295006,10.1002/pmrj.12976,,2023,PM&R,Multidisciplinary collaborative consensus guidance statement on the assessment and treatment of neurologic sequelae in patients with post‐acute sequelae of <scp>SARS‐CoV</scp>‐2 infection (<scp>PASC</scp>)
OpenAlex,W7167081511,10.1117/12.3115345,,2026,,Detection of pharyngeal food residue aspiration from respiratory sounds recorded by a wireless electronic stethoscope
OpenAlex,W2996474815,10.1016/j.gie.2019.09.038,,2019,Gastrointestinal Endoscopy,Traction-assisted endoscopic submucosal dissection in the esophagus: Should we all be flossing?
OpenAlex,W7167898942,10.1093/bjs/znag063.375,,2026,British journal of surgery,1365 Nasal Myiasis: ENT Meets ENTomology
OpenAlex,W4412129813,10.1109/ichih63459.2024.11064907,,2024,,A Few-Shot Swallowing Event Recognition Method Based on H-ProtoNet
OpenAlex,W7154338129,10.3389/fradi.2026.1767875,,2026,Frontiers in Radiology,YOLO11-based detection of manometry sensors in video-fluoroscopy imaging for computer-aided multimodal assessment of swallowing
OpenAlex,W7147283928,10.1177/23299738261420728,,2026,VideoEndocrinology,Recurrent Laryngeal Nerve AI-Navigation in Anterior Chest and Breast Approach Endoscopic Thyroidectomy
OpenAlex,W4406724287,10.1113/jp287848,,2025,The Journal of Physiology,The physiology of stroke neurorehabilitation
OpenAlex,W7128298721,10.1016/j.tranon.2026.102689,,2026,Translational Oncology,Application of radiomics in head and neck squamous cell carcinoma
OpenAlex,W7155401460,10.1109/icbsii69710.2026.11479202,,2026,,Optimal Temporal Window Selection for 3D CNN-Based VFSS Swallowing Phase Classification
OpenAlex,W1582764518,10.1044/leader.ftr2.17082012.14,,2012,ASHA Leader,Back to Their Old Selves
OpenAlex,W2326048377,10.1097/01.eem.0000399741.19417.c3,,2011,Emergency Medicine News,"Special Report: From the Tox Files: Pharmacobezoar, Sparkle Lamp Ingestion, and Tetrodotoxin"
OpenAlex,W2989131459,10.1044/leader.ftr1.24112019.42,,2019,ASHA Leader,Unsafe Chewing: Choking and Other Risks
OpenAlex,W4416748308,10.2196/85223,,2025,Journal of Medical Internet Research,AI in Esophageal Motility Disorders: Systematic Review of High-Resolution Manometry Studies
OpenAlex,W7106838742,10.2196/preprints.85223,,2025,,AI in Esophageal Motility Disorders: Systematic Review of High-Resolution Manometry Studies (Preprint)
OpenAlex,W3020745068,10.1016/j.ajic.2020.03.004,,2020,American Journal of Infection Control,Non-ventilator health care-associated pneumonia (NV-HAP): Taking action to improve NV-HAP outcomes
OpenAlex,W4245539822,10.1542/pir.31.10.417,,2010,Pediatrics in Review,Tonsillectomy and Adenoidectomy and Myringotomy With Tube Insertion
OpenAlex,W7122484568,10.3389/fnmol.2025.1767630,,2026,Frontiers in Molecular Neuroscience,Editorial: Advancing therapeutics for Alzheimer's disease and related dementias through multi-omics data analysis in ethnically diverse populations
OpenAlex,W7155197782,10.6084/m9.figshare.32069856.v1,,2026,Figshare,"ESTRO Course 2026 - Quantitative methods in Radiation Oncology: ""Models in the Clinic"""
OpenAlex,W7155170634,10.6084/m9.figshare.32069856,,2026,Figshare,"ESTRO Course 2026 - Quantitative methods in Radiation Oncology: ""Models in the Clinic"""
OpenAlex,W4402045326,10.1016/s0167-8140(24)02151-0,,2024,Radiotherapy and Oncology,1826: Beyond clinical introduction of AI models: a fast and simple way to improve DL IMPT plan quality
OpenAlex,W4246442609,10.1044/sasd22.1.1-ce,,2013,Perspectives on Swallowing and Swallowing Disorders (Dysphagia),"SIG 13 Perspectives Vol. 22, No. 1, March 2013"
OpenAlex,W4234788636,10.1097/01819236-201644010-00023,,2016,Colombian Journal of Anesthesiology,Question and Answers☆
OpenAlex,W4414083530,10.1002/14651858.cd014745.pub2,,2025,Cochrane Database of Systematic Reviews,Prognostic models for radiation-induced complications after radiotherapy in head and neck cancer patients
OpenAlex,W4391671484,10.1016/j.parkreldis.2024.106023,,2024,Parkinsonism & Related Disorders,Focused ultrasound therapy: Back to the future
OpenAlex,W4313594699,10.1016/j.bjae.2022.10.003,,2023,BJA Education,Systemic sclerosis. Part II: perioperative considerations.
OpenAlex,W4409257846,10.4103/wbjc.wbjc_1_25,,2024,Bengal Journal of Cancer,Abstracts of AROI-West Bengal Annual Conference 2025
OpenAlex,W4415894140,10.1093/rap/rkaf111.086,,2025,Rheumatology Advances in Practice,P057 A case of dermatomyositis associated with hairy cell leukaemia with normal creatinine kinase
OpenAlex,W2345592029,10.1044/leader.gs.18122013.np,,2013,ASHA Leader,Build Your Career With Twitter (Really)
OpenAlex,W7155522610,10.1002/mdc3.70622,,2026,Movement Disorders Clinical Practice,A Novel Homozygous <scp> <i>TSPOAP1</i> </scp> Variant in an Indian Patient Causing Childhood‐Onset Generalized Dystonia with Cerebellar Atrophy
OpenAlex,W800202716,10.1044/leader.an2.15062010.20,,2010,ASHA Leader,"Schools 2010:Connect, Create, Innovate in Las Vegas"
OpenAlex,W4413020504,10.3389/fnins.2025.1657124,,2025,Frontiers in Neuroscience,Editorial: Innovative approaches to promote stroke recovery
OpenAlex,W4416842063,10.4103/jme.jme_168_23,,2025,Journal of Medical Evidence,Restricted Acral Sensory Syndrome as a Sentinel of Major Medullary Infarction - A Window to Act
OpenAlex,W4390343776,10.4103/ghep.ghep_33_23,,2023,Gastroenterology Hepatology and Endoscopy Practice,"Abstracts Presented at the Mid-term Meeting of the Tamil Nadu Chapter of the Indian Society of Gastroenterology at Puducherry on September 23, 2023"
OpenAlex,W4416775109,10.4103/jcrt.jcrt_2283_25,,2025,Journal of Cancer Research and Therapeutics,DR. K. T. BHOWMIK YOUNG DOCTOR AWARD
OpenAlex,W7167801498,10.5281/zenodo.21284091,,2026,Open MIND,What changes in a person's voice occur prior to Amyotrophic Lateral Sclerosis onset that may be useful as a non-clinical (or clinical if possible) early detection of the disease? - PathMap Experiment #000035
OpenAlex,W7167837411,10.5281/zenodo.21284090,,2026,Zenodo (CERN European Organization for Nuclear Research),What changes in a person's voice occur prior to Amyotrophic Lateral Sclerosis onset that may be useful as a non-clinical (or clinical if possible) early detection of the disease? - PathMap Experiment #000035
OpenAlex,W7167903431,10.3389/fonc.2026.1893594,,2026,Frontiers in Oncology,Beyond the dose-volume histogram: a critical appraisal of normal tissue complication probability modelling for osteoradionecrosis of the jaw and a strategic framework for clinical translation
OpenAlex,W4403585041,10.4103/neurol-india.neurol-india-d-24-00321,,2024,Neurology India,Minimally Invasive Microscopic C5-6 Foraminotomy and Discectomy: Operative Nuances
OpenAlex,W4414782266,10.1097/xcs.0000000000001560,,2025,Journal of the American College of Surgeons,Neurosurgery
OpenAlex,W4387083314,10.1097/01.eem.0000554845.01379.e9,,2019,Emergency Medicine News,InFocus
OpenAlex,W4366404453,10.55277/researchhub.19ln2knm,,2023,,Dr. Matthew MacDougall: Neuralink &amp; Technologies to Enhance Human Brains | Huberman Lab Podcast
OpenAlex,W2620799214,10.1053/j.gastro.2017.05.049,,2017,Gastroenterology,A Selection of the Best AGA Abstracts of DDW 2017
OpenAlex,W7117312488,10.1097/01.jcma.0001177668.43982.a2,,2025,Journal of the Chinese Medical Association,Keyword Index
OpenAlex,W4404671208,10.1352/1934-9556-62.6.425,,2024,Intellectual and developmental disabilities,Presidential Address 2024—Achieving Health Outcomes Across the Lifespan
OpenAlex,W4376852585,10.4103/2349-7904.330162,,2021,The Journal of the International Society of Physical and Rehabilitation Medicine,Oral Abstracts
OpenAlex,W4414782254,10.1097/xcs.0000000000001577,,2025,Journal of the American College of Surgeons,Bariatric/Foregut
OpenAlex,W7140327905,10.4103/njca.njca_45_26,,2026,National Journal of Clinical Anatomy,Fourth Anatomy Annual Congress in Rwanda Proceedings Venue: University of Rwanda Huye Campus – 9th–12th October 2025 Organizer: Society of Clinical Anatomy of Rwanda (S-CAR)
OpenAlex,W2325727070,10.1016/j.pmrj.2016.02.007,,2016,PM&R,Cases That “Stick” or Stay With Us
OpenAlex,W3176756410,10.1016/j.cmpb.2021.106248,,2021,Computer Methods and Programs in Biomedicine,Machine learning based analysis of speech dimensions in functional oropharyngeal dysphagia
OpenAlex,W3186065429,10.1159/000517144,,2021,Digital Biomarkers,Advanced Machine Learning Tools to Monitor Biomarkers of Dysphagia: A Wearable Sensor Proof-of-Concept Study
OpenAlex,W4393342317,10.1186/s12984-024-01329-6,,2024,Journal of NeuroEngineering and Rehabilitation,Prediction of dysphagia aspiration through machine learning-based analysis of patients’ postprandial voices
OpenAlex,W3211856659,10.3390/nu13114009,,2021,Nutrients,A Machine Learning-Based Screening Test for Sarcopenic Dysphagia Using Image Recognition
OpenAlex,W2768709127,10.1016/j.ctro.2017.11.009,,2017,Clinical and Translational Radiation Oncology,Incorporating spatial dose metrics in machine learning-based normal tissue complication probability (NTCP) models of severe acute dysphagia resulting from head and neck radiotherapy
OpenAlex,W3185605344,10.1109/metroind4.0iot51437.2021.9488503,,2021,,A Machine Learning-Based Voice Analysis for the Detection of Dysphagia Biomarkers
OpenAlex,W4313909094,10.1007/s00455-022-10548-9,,2023,Dysphagia,Evaluation of a Machine Learning-Based Dysphagia Prediction Tool in Clinical Routine: A Prospective Observational Cohort Study
OpenAlex,W4396896534,10.1007/s00405-024-08678-x,,2024,European Archives of Oto-Rhino-Laryngology,Clinical evaluation of a machine learning-based dysphagia risk prediction tool
OpenAlex,W3037625052,10.3233/shti200071,,2020,Studies in health technology and informatics,Multivariable Risk Prediction of Dysphagia in Hospitalized Patients Using Machine Learning
OpenAlex,W4386558900,10.3390/app131810116,,2023,Applied Sciences,Unraveling Functional Dysphagia: A Game-Changing Automated Machine-Learning Diagnostic Approach
OpenAlex,W4404757382,10.2147/ijgm.s484237,,2024,International Journal of General Medicine,A Machine-Learning Model Based on Clinical Features for the Prediction of Severe Dysphagia After Ischemic Stroke
OpenAlex,W4401752344,10.1109/spcom60851.2024.10631635,,2024,,Cervical Auscultation Machine Learning for Dysphagia Assessment
OpenAlex,W2999859295,10.1186/s12911-019-1010-x,,2020,BMC Medical Informatics and Decision Making,Assessing stroke severity using electronic health record data: a machine learning approach
OpenAlex,W4412472925,10.3390/jcm14145025,,2025,Journal of Clinical Medicine,Predicting Long-Term Prognosis of Poststroke Dysphagia with Machine Learning
OpenAlex,W7133235122,10.1186/s12893-026-03554-3,,2026,BMC Surgery,Interpretable machine learning model for predicting the risk of dysphagia in patients after cardiac surgery
OpenAlex,W7129095163,10.1186/s12911-026-03365-9,,2026,BMC Medical Informatics and Decision Making,Machine learning for dysphagia risk prediction in older adults after acute ischemic stroke
OpenAlex,W4410188574,10.20517/ais.2024.43,,2025,Artificial Intelligence Surgery,A machine learning-driven model predicts patient-reported dysphagia after instrumented cervical fusion
OpenAlex,W3083693387,10.1038/s41598-020-71713-4,,2020,Scientific Reports,Machine learning analysis to automatically measure response time of pharyngeal swallowing reflex in videofluoroscopic swallowing study
OpenAlex,W3024461332,10.1007/s00455-020-10124-z,,2020,Dysphagia,Tracking Hyoid Bone Displacement During Swallowing Without Videofluoroscopy Using Machine Learning of Vibratory Signals
OpenAlex,W4413141068,10.1016/j.aucc.2025.101307,,2025,Australian Critical Care,Exploring explainable machine learning techniques to aid dysphagia risk identification: A feasibility study
OpenAlex,W2953019491,10.1016/j.eclinm.2019.06.003,,2019,EClinicalMedicine,"Machine-learning Prognostic Models from the 2014–16 Ebola Outbreak: Data-harmonization Challenges, Validation Strategies, and mHealth Applications"
OpenAlex,W4417024374,10.2147/ijgm.s567157,,2025,International Journal of General Medicine,Predicting Early Dysphagia in Acute Ischemic Stroke Using an Explainable Machine Learning Model
OpenAlex,W4386457220,10.21203/rs.3.rs-3294017/v1,,2023,Research Square,Prediction of dysphagia aspiration through machine learning-based analysis of patients’ postprandial voices
OpenAlex,W3190942795,10.1021/acsanm.1c01378,,2021,ACS Applied Nano Materials,Epidermal Graphene Sensors and Machine Learning for Estimating Swallowed Volume
OpenAlex,W4414001776,10.1007/s00586-025-09320-y,,2025,European Spine Journal,LASSO-based machine learning algorithm for prediction of dysphagia in patients suffering anterior cervical discectomy and fusion
OpenAlex,W2791417586,10.1109/tbme.2018.2807487,,2018,IEEE Transactions on Biomedical Engineering,"Using Machine Learning and a Combination of Respiratory Flow, Laryngeal Motion, and Swallowing Sounds to Classify Safe and Unsafe Swallowing"
OpenAlex,W4353034946,10.1016/j.clnesp.2022.09.653,,2023,Clinical Nutrition ESPEN,A Systematic And Universal Artificial Intelligence Method For Oropharyngeal Dysphagia Screening: Accuracy Of Machine Learning Is Higher Than Classic Multivariate Analysis.
OpenAlex,W4313237560,10.1007/s00455-022-10547-w,,2022,Dysphagia,A Systematic and Universal Artificial Intelligence Screening Method for Oropharyngeal Dysphagia: Improving Diagnosis Through Risk Management
OpenAlex,W4302293705,10.1038/s41598-022-20348-8,,2022,Scientific Reports,Post-stroke respiratory complications using machine learning with voice features from mobile devices
OpenAlex,W2511290891,10.1016/j.physbeh.2016.08.005,,2016,Physiology & Behavior,Calculation of upper esophageal sphincter restitution time from high resolution manometry data using machine learning
OpenAlex,W4388072269,10.1007/s00455-023-10623-9,,2023,Dysphagia,Using ChatGPT to Generate Research Ideas in Dysphagia: A Pilot Study
OpenAlex,W4405315994,10.1016/j.jstrokecerebrovasdis.2024.108200,,2024,Journal of Stroke and Cerebrovascular Diseases,Prediction of stroke-associated hospital-acquired pneumonia: Machine learning approach
OpenAlex,W4386097565,10.1038/s41598-023-40411-2,,2023,Scientific Reports,Development and validation of a machine learning-based prognostic risk stratification model for acute ischemic stroke
OpenAlex,W3017690253,10.3390/healthcare8020103,,2020,Healthcare,Classifying Dysphagic Swallowing Sounds with Support Vector Machines
OpenAlex,W2764175304,10.1080/2050571x.2017.1369017,,2017,Speech Language and Hearing,Automatic voice analysis for dysphagia detection
OpenAlex,W4280594639,10.1016/j.eswa.2022.117496,,2022,Expert Systems with Applications,Dysphagia diagnosis system with integrated speech analysis from throat vibration
OpenAlex,W4390246234,10.1016/j.jaip.2023.12.031,,2023,The Journal of Allergy and Clinical Immunology In Practice,"Artificial Intelligence Tools for the Diagnosis of Eosinophilic Esophagitis in Adults Reporting Dysphagia: Development, External Validation, and Software Creation for Point-of-Care Use"
OpenAlex,W4376642969,10.1038/s41598-023-34999-8,,2023,Scientific Reports,Machine learning predictive model for aspiration screening in hospitalized patients with acute stroke
OpenAlex,W4311905181,10.1016/j.ijrobp.2022.12.004,,2022,International Journal of Radiation Oncology*Biology*Physics,Automated Robust Planning for IMPT in Oropharyngeal Cancer Patients Using Machine Learning
OpenAlex,W2744818989,10.1016/j.ijrobp.2017.08.004,,2017,International Journal of Radiation Oncology*Biology*Physics,Quantitative Evaluation of Head and Neck Cancer Treatment–Related Dysphagia in the Development of a Personalized Treatment Deintensification Paradigm
OpenAlex,W2964323201,10.1109/tie.2019.2928239,,2019,IEEE Transactions on Industrial Electronics,Sparse Machine Learning Discovery of Dynamic Differential Equation of an Esophageal Swallowing Robot
OpenAlex,W4388945521,10.1097/nr9.0000000000000040,,2023,Interdisciplinary Nursing Research,A review on intelligent aid diagnosis for dysphagia using swallowing sounds
OpenAlex,W4382468793,10.3389/fbioe.2023.1205009,,2023,Frontiers in Bioengineering and Biotechnology,Computer-aided screening of aspiration risks in dysphagia with wearable technology: a Systematic Review and meta-analysis on test accuracy
OpenAlex,W4304701118,10.1371/journal.pntd.0010789,,2022,PLoS neglected tropical diseases,"Constructing, validating, and updating machine learning models to predict survival in children with Ebola Virus Disease"
OpenAlex,W4378745671,10.1159/000531265,,2023,Folia Phoniatrica et Logopaedica,Advances for Dysphagia in the Digital Age: Integrative Imaging and Wearable Technologies
OpenAlex,W4391843724,10.1111/jocn.16999,,2024,Journal of Clinical Nursing,Machine learning decision support model for discharge planning in stroke patients
OpenAlex,W4389996635,10.1097/moo.0000000000000948,,2023,Current Opinion in Otolaryngology & Head & Neck Surgery,Machine learning in the evaluation of voice and swallowing in the head and neck cancer patient
OpenAlex,W4389137786,10.1016/j.heliyon.2023.e22654,,2023,Heliyon,Prediction of five-year survival among esophageal cancer patients using machine learning
OpenAlex,W3091980542,10.1007/s00066-020-01697-7,,2020,Strahlentherapie und Onkologie,Incorporating dose–volume histogram parameters of swallowing organs at risk in a videofluoroscopy-based predictive model of radiation-induced dysphagia after head and neck cancer intensity-modulated radiation therapy
OpenAlex,W3087576084,10.1007/s00455-020-10191-2,,2020,Dysphagia,How Closely do Machine Ratings of Duration of UES Opening During Videofluoroscopy Approximate Clinician Ratings Using Temporal Kinematic Analyses and the MBSImP?
OpenAlex,W2998387855,10.1161/strokeaha.119.027439,,2019,Stroke,Development of a Novel Prognostic Model to Predict 6-Month Swallowing Recovery After Ischemic Stroke
OpenAlex,W4408709508,10.1016/j.gassur.2025.102029,,2025,Journal of Gastrointestinal Surgery,Application of machine learning models to identify predictors of good outcome after laparoscopic fundoplication
OpenAlex,W2973023314,10.1016/j.adro.2019.12.007,,2020,Advances in Radiation Oncology,Combination of a Big Data Analytics Resource System With an Artificial Intelligence Algorithm to Identify Clinically Actionable Radiation Dose Thresholds for Dysphagia in Head and Neck Patients
OpenAlex,W4403299310,10.3390/s24206525,,2024,Sensors,Electromyography- and Bioimpedance-Based Detection of Swallow Onset for the Control of Dysphagia Treatment
OpenAlex,W4388946578,10.3389/fendo.2023.1165178,,2023,Frontiers in Endocrinology,A clinical prediction model based on interpretable machine learning algorithms for prolonged hospital stay in acute ischemic stroke patients: a real-world study
OpenAlex,W4367315288,10.1111/jgh.16194,,2023,Journal of Gastroenterology and Hepatology,Machine learning can guide suitability of consultation and patient referral through telemedicine for hepatobiliary diseases
OpenAlex,W4220691833,10.1002/lary.30096,,2022,The Laryngoscope,Comparing the M.D. Anderson Symptom and Dysphagia Inventories for Head and Neck Cancer Patients
OpenAlex,W4408785128,10.1002/advs.202500472,,2025,Advanced Science,Accurate and Noninvasive Dysphagia Assessment via a Soft High‐Density sEMG Electrode Array Conformal to the Submental and Infrahyoid Muscles
OpenAlex,W3184634318,10.34160/jkds.2021.11.2.004,,2021,Journal of the Korean Dysphagia Society,Evaluation and Management of Dysphagia Based on Digital Health Technologies
OpenAlex,W4402065097,10.5125/jkaoms.2024.50.4.216,,2024,Journal of the Korean Association of Oral and Maxillofacial Surgeons,Prediction of intensive care unit admission using machine learning in patients with odontogenic infection
OpenAlex,W4410498519,10.1002/admt.202500229,,2025,Advanced Materials Technologies,Unobtrusive Swallow Monitoring Enabled by Conformal IONOGEL Biopotential Electrodes and Machine Learning
OpenAlex,W4396872471,10.3390/s24103057,,2024,Sensors,Novel Approach Combining Shallow Learning and Ensemble Learning for the Automated Detection of Swallowing Sounds in a Clinical Database
OpenAlex,W4399920143,10.1111/ene.16370,,2024,European Journal of Neurology,Dysphagia in primary progressive aphasia: Clinical predictors and neuroanatomical basis
OpenAlex,W2972458760,10.1016/j.ijrobp.2019.06.1213,,2019,International Journal of Radiation Oncology*Biology*Physics,Characterization of Very Late Dysphagia after Chemoradiation for Oropharyngeal Squamous Cell Carcinoma
OpenAlex,W4392236381,10.3389/fonc.2024.1346797,,2024,Frontiers in Oncology,Impact of radiation dose distribution on nutritional supplementation needs in head and neck cancer radiotherapy: a voxel-based machine learning approach
OpenAlex,W4410184250,10.3389/fneur.2025.1513732,,2025,Frontiers in Neurology,Interpretable machine learning for early predicting the risk of ventilator-associated pneumonia in ischemic stroke patients in the intensive care unit
OpenAlex,W4386913641,10.1016/j.ctro.2023.100677,,2023,Clinical and Translational Radiation Oncology,Comparing supervised and semi-supervised machine learning approaches in NTCP modeling to predict complications in head and neck cancer patients
OpenAlex,W3041246547,10.1044/2020_ajslp-19-00155,,2020,American Journal of Speech-Language Pathology,High-Resolution Cervical Auscultation and Data Science: New Tools to Address an Old Problem
OpenAlex,W4313381889,10.4049/jimmunol.200.supp.174.14,,2018,The Journal of Immunology,Using machine learning and RNA-seq to increase the accuracy and decrease the invasiveness of diagnosing eosinophilic esophagitis.
OpenAlex,W4388782364,10.1016/j.jstrokecerebrovasdis.2023.107489,,2023,Journal of Stroke and Cerebrovascular Diseases,Machine learning prediction of hospital discharge disposition for inpatients with acute ischemic stroke following mechanical thrombectomy in the United States
OpenAlex,W4400335457,10.3389/fneur.2024.1363928,,2024,Frontiers in Neurology,Mapping research trends regarding the mechanism of dysphagia from 1993 to 2023: a bibliometrics study and visualization analysis
OpenAlex,W4410521866,10.3389/frai.2025.1595101,,2025,Frontiers in Artificial Intelligence,Risk prediction of stroke-associated pneumonia in acute ischemic stroke with atrial fibrillation using machine learning models
OpenAlex,W4386835103,10.1038/s41378-023-00591-3,,2023,Microsystems & Nanoengineering,Stretchable and durable HD-sEMG electrodes for accurate recognition of swallowing activities on complex epidermal surfaces
OpenAlex,W4400481999,10.48550/arxiv.2407.05870,,2024,arXiv (Cornell University),Cervical Auscultation Machine Learning for Dysphagia Assessment
OpenAlex,W4407261915,10.3389/fonc.2025.1502404,,2025,Frontiers in Oncology,Risk prediction models for dysphagia after radiotherapy among patients with head and neck cancer: a systematic review and meta-analysis
OpenAlex,W7125505918,10.1186/s12911-025-03337-5,,2026,BMC Medical Informatics and Decision Making,Machine learning-based model for prediction of swallowing recovery in post-stroke patients
OpenAlex,W4413300091,10.1007/s10238-025-01835-4,,2025,Clinical and Experimental Medicine,Machine learning-based prediction of gastroesophageal junction cancer using electronic medical records
OpenAlex,W4417355750,10.1016/j.isci.2025.114451,,2025,iScience,Interpretable machine learning for accessible dysphagia screening and staging in older adults
OpenAlex,W7133198536,10.3205/26dga116,,2026,Open MIND,Dysphagia detection using near-ear sensors and machine learning
OpenAlex,W3194106713,10.1109/jbhi.2021.3106565,,2021,IEEE Journal of Biomedical and Health Informatics,Improving Non-Invasive Aspiration Detection With Auxiliary Classifier Wasserstein Generative Adversarial Networks
OpenAlex,W7165113829,10.2147/copd.s607694,,2026,International Journal of COPD,Development and Validation of an Explainable Machine Learning Model for Identification of Dysphagia in Patients with COPD
OpenAlex,W7165702797,,,2026,DOAJ (DOAJ: Directory of Open Access Journals),Development and Validation of an Explainable Machine Learning Model for Identification of Dysphagia in Patients with COPD
OpenAlex,W7111541678,,,2025,DOAJ (DOAJ: Directory of Open Access Journals),Predicting Early Dysphagia in Acute Ischemic Stroke Using an Explainable Machine Learning Model
OpenAlex,W4416088624,10.3390/s25226834,,2025,Sensors,Early Detection of Dysphagia Signs in Parkinson’s Disease: An Artificial Intelligence-Based Approach Using Non-Invasive Sensors
OpenAlex,W3210805841,10.1016/j.ijrobp.2021.07.1180,,2021,International Journal of Radiation Oncology*Biology*Physics,Predicting Feeding Tube Placement in Head and Neck Cancer Patients Receiving Radiation Therapy With Machine Learning
OpenAlex,W7160122840,10.21203/rs.3.rs-9450763/v1,,2026,Research Square,A Machine Learning–Based Prediction Model for Dysphagia After Radiotherapy in Nasopharyngeal Carcinoma Survivors
OpenAlex,W4409898707,10.1007/s00455-025-10829-z,,2025,Dysphagia,A Machine Learning Pipeline for Automated Bolus Segmentation and Area Measurement in Swallowing Videofluoroscopy Images of an Infant Pig Model
OpenAlex,W2941639014,10.1101/294587,,2018,bioRxiv (Cold Spring Harbor Laboratory),"Machine-Learning prognostic models from the 2014-16 Ebola outbreak: data-harmonization challenges, validation strategies, and mHealth applications"
OpenAlex,W4417362932,10.1111/joor.70124,,2025,Journal of Oral Rehabilitation,Identification of Individualised Aspiration Mechanisms in Post‐Stroke Dysphagia: A VFSS‐Based Interpretable Machine Learning Approach
OpenAlex,W7154012909,10.1038/s41598-026-48214-x,,2026,Scientific Reports,Explainable machine learning for predicting mechanical ventilation in Alzheimer’s patients with pneumonia: a SHAP-guided XGBoost nomogram based on MIMIC-IV
OpenAlex,W3161202628,10.1007/s00455-021-10317-0,,2021,Dysphagia,Establishing Reference Values for Temporal Kinematic Swallow Events Across the Lifespan in Healthy Community Dwelling Adults Using High-Resolution Cervical Auscultation
OpenAlex,W4414278739,10.2139/ssrn.5437051,,2025,SSRN Electronic Journal,"Toward Accessible Dysphagia Care: Development, Validation, and Deployment of Interpretable Machine Learning Models for Screening and Staging in the Elderly"
OpenAlex,W4394208960,10.6084/m9.figshare.15059742,,2021,Figshare,Supplementary Material for: Advanced Machine Learning Tools to Monitor Biomarkers of Dysphagia: A Wearable Sensor Proof-of-Concept Study
OpenAlex,W7133677302,10.1186/s12877-026-07247-7,,2026,BMC Geriatrics,Symptom clustering of old adult dysphagic patient phenotypes by unsupervised machine learning using multidimensional characteristics: a cross-sectional study
OpenAlex,W4411932824,10.2139/ssrn.5333620,,2025,SSRN Electronic Journal,Development of an Interpretable Machine Learning-Based Prediction Model for Long-Term Dysphagia Following Intensity-Modulated Radiotherapy in Nasopharyngeal Carcinoma
OpenAlex,W4205994072,10.1016/s1120-1797(22)00147-8,,2021,Physica Medica,Machine learning-based predictive model of radiation-induced dysphagia resulting from head and neck cancer IMRT
OpenAlex,W4401169242,10.1126/scitranslmed.abq5585,,2024,Science Translational Medicine,Neural landscape is associated with functional outcomes in irradiated patients with oropharyngeal squamous cell carcinoma
OpenAlex,W7162490691,10.1016/j.foodres.2026.119567,,2026,Food Research International,3D printing of wheat starch gels for dysphagia diet: Molecular interaction mechanisms and machine learning-assisted prediction of IDDSI levels
OpenAlex,W7116832438,10.1016/j.annonc.2025.10.1138,,2025,Annals of Oncology,701P Development of an interpretable machine learning-based prediction model for long-term dysphagia following intensity-modulated radiotherapy in nasopharyngeal carcinoma
OpenAlex,W4225392210,10.1186/s12967-022-03389-5,,2022,Journal of Translational Medicine,ICH-LR2S2: a new risk score for predicting stroke-associated pneumonia from spontaneous intracerebral hemorrhage
OpenAlex,W4380450916,10.1109/jsen.2023.3277825,,2023,IEEE Sensors Journal,The Swallowing Intelligent Assessment System Based on Tongue Strength and Surface EMG
OpenAlex,W4415940496,10.1016/j.annonc.2025.08.2034,,2025,Annals of Oncology,WITHDRAWN: 1402P Development of an interpretable machine learning-based prediction model for long-term dysphagia following intensity-modulated radiotherapy in nasopharyngeal carcinoma
OpenAlex,W4406903495,10.21203/rs.3.rs-5856988/v1,,2025,Research Square,Symptom Clustering of Dysphagia Phenotypes by Unsupervised Machine Learning Using Multidimensional Characteristics: A Cross-sectional Study of the Elderly Chinese Population
OpenAlex,W4414557947,10.1016/j.ijrobp.2025.06.2392,,2025,International Journal of Radiation Oncology*Biology*Physics,Development of an Interpretable Machine Learning-Based Prediction Model for Long-Term Dysphagia Following Intensity-Modulated Radiotherapy in Nasopharyngeal Carcinoma
OpenAlex,W3199648057,10.1007/s00455-021-10368-3,,2021,Dysphagia,Characterizing Effortful Swallows from Healthy Community Dwelling Adults Across the Lifespan Using High-Resolution Cervical Auscultation Signals and MBSImP Scores: A Preliminary Study
OpenAlex,W4200076507,10.1109/jtehm.2021.3134926,,2021,IEEE Journal of Translational Engineering in Health and Medicine,A Preliminary Investigation of Similarities of High Resolution Cervical Auscultation Signals Between Thin Liquid Barium and Water Swallows
OpenAlex,W4321380704,10.1109/jtehm.2023.3246919,,2023,IEEE Journal of Translational Engineering in Health and Medicine,Non-Invasive Sensor-Based Estimation of Anterior-Posterior Upper Esophageal Sphincter Opening Maximal Distension
OpenAlex,W7154186772,10.2196/81028,,2026,JMIR AI,Using Machine Learning to Improve Screening for Oropharyngeal Dysphagia in Hospitalized Versus Primary Care Adult Patients With COVID-19 Disease: Retrospective Observational Study
OpenAlex,W4307289640,10.1016/j.ijrobp.2022.07.366,,2022,International Journal of Radiation Oncology*Biology*Physics,The Dutch Initiative for the Model-Based Selection of Patients for Proton Therapy – A Federated Learning IT Infrastructure
OpenAlex,W7162875110,10.17605/osf.io/txdfy,,2026,Open MIND,Risk factors for post-extubation dysphagia in critically ill adult patients undergoing endotracheal intubation: a systematic review and meta-analysis for developing a machine learning-based prediction model
OpenAlex,W3201883824,10.1016/j.bspc.2021.103122,,2021,Biomedical Signal Processing and Control,Automatic detection of poor quality signals as a pre-processing scheme in the analysis of sEMG in swallowing
OpenAlex,W7133645196,10.32469/10355/111058,,2025,,Closed-loop optogenetic neuromodulation based brain-machine interfaces dissecting dopaminergic reinforcement learning circuits of the basal ganglia and developing translational therapies for ALS-related dysphagia
OpenAlex,W4405965696,10.1093/geroni/igae098.2991,,2024,Innovation in Aging,DEVELOPMENT OF THE SWALLOWING ACTIVITY CLASSIFICATION MODEL FOR OLD ADULTS BASED ON ACOUSTIC ANALYSIS
OpenAlex,W4382358982,10.1016/j.oraloncology.2023.106460,,2023,Oral Oncology,Spatially-aware clustering improves AJCC-8 risk stratification performance in oropharyngeal carcinomas
OpenAlex,W4200174370,10.1097/md.0000000000028439,,2021,Medicine,Added value of systemic inflammation markers in predicting pulmonary infection in stroke patients
OpenAlex,W4410552766,10.1016/j.anl.2025.05.002,,2025,Auris Nasus Larynx,Digital health technologies in swallowing care from screening to rehabilitation: A narrative review
OpenAlex,W4407354592,10.1109/tnsre.2025.3540842,,2025,IEEE Transactions on Neural Systems and Rehabilitation Engineering,Continuous Estimation of Swallowing Motion With EMG and MMG Signals
OpenAlex,W4415680126,10.20944/preprints202510.2200.v1,,2025,Preprints.org,Phenotype Correlations of Neurological Manifestations in Wolfram Syndrome: Predictive Modeling in a Spanish Cohort
OpenAlex,W3213074379,10.1136/gutjnl-2021-bsg.251,,2021,,PTH-72 A symptom and risk factor questionnaire accurately predicts upper gastrointestinal cancer
OpenAlex,W4387160181,10.1016/j.ijrobp.2023.06.2020,,2023,International Journal of Radiation Oncology*Biology*Physics,Use of Explainable AI Algorithm Revealing Longitudinal Changes in Practice Patterns and Toxicity Models
OpenAlex,W2905222488,10.18494/sam.2018.1966,,2018,Sensors and Materials,Sensor for Tongue-pressure Measurement Based on Extreme Learning Machine
OpenAlex,W7133163830,,,2025,Open MIND,The application of Artificial Intelligence modalities in dysphagia diagnosis: A review
OpenAlex,W4406224948,10.1002/alz.089042,,2024,Alzheimer s & Dementia,Dysphagia in primary progressive aphasia: clinical predictors and neuroanatomical basis
OpenAlex,W4408372820,10.1097/cco.0000000000001135,,2025,Current Opinion in Oncology,New trends in supportive care of head and neck cancers
OpenAlex,W7127739760,,,2026,arXiv (Cornell University),Automated Dysphagia Screening Using Noninvasive Neck Acoustic Sensing
OpenAlex,W7127638894,10.48550/arxiv.2602.02725,,2026,Open MIND,Automated Dysphagia Screening Using Noninvasive Neck Acoustic Sensing
OpenAlex,W7155081256,10.1109/icassp55912.2026.11463621,,2026,,Automated Dysphagia Screening Using Noninvasive Neck Acoustic Sensing
OpenAlex,W4319006109,10.1161/str.54.suppl_1.wmp68,,2023,Stroke,Abstract WMP68: Machine Learning Approach In Prediction Of Nasoenteral Tube In Acute Ischemic Stroke
OpenAlex,W4417119343,10.3389/fmed.2025.1719174,,2025,Frontiers in Medicine,Development and validation of a screening model for dysphagia in the elderly based on acoustic features
OpenAlex,W4366496764,10.1016/j.cmpb.2023.107563,,2023,Computer Methods and Programs in Biomedicine,A novel computer based risk prediction model for vocal cord palsy before thyroidectomy
OpenAlex,W4283160813,10.1136/gutjnl-2022-bsg.5,,2022,Oral Presentations,O5 Using machine learning to develop models for the prediction of upper gastrointestinal cancers
OpenAlex,W4414461037,10.1186/s41479-025-00175-x,,2025,Pneumonia,Assessing the prevalence and the underdiagnosis of aspiration pneumonia among older hospitalized patients with community-acquired pneumonia using an artificial intelligence algorithm
OpenAlex,W7114911743,10.3389/fmed.2025.1719174.s001,,2025,Figshare,Supplementary file 1_Development and validation of a screening model for dysphagia in the elderly based on acoustic features.docx
OpenAlex,W7161174489,10.21203/rs.3.rs-8824836/v1,,2026,Research Square,Machine Learning Model for ILD Risk Prediction in Dermatomyositis Using LASSO Regression
OpenAlex,W4401209468,10.1016/j.clon.2024.06.024,,2024,Clinical Oncology,Application of machine learning algorithm to create a prediction model for the need of aggressive nutritional intervention during head and neck cancer radiotherapy
OpenAlex,W7166533773,10.2139/ssrn.7018480,,2026,SSRN Electronic Journal,Development and Validation of a Machine Learning based Malnutrition Risk Calculator for Patients with Traumatic Brain Injury
OpenAlex,W4283158309,10.1136/gutjnl-2022-bsg.162,,2022,Poster presentations,P105 Validation of a machine learning model in a prospective cohort: the RISQ study
OpenAlex,W7160831885,10.3991/ijoe.v22i05.59009,,2026,International Journal of Online and Biomedical Engineering (iJOE),Modified Multi-Auscultation Device for Swallowing Sound Analysis: A Feasibility Study toward Non-Invasive Dysphagia Assessment
OpenAlex,W4379285669,10.1200/jco.2023.41.16_suppl.e13564,,2023,Journal of Clinical Oncology,Machine learning prediction of patient-reported outcomes associated with systemic therapy from medical records.
OpenAlex,W7132896743,,,2023,TSpace (University of Toronto),Developing a Custom Handheld Diagnostic Device for Noninvasive Detection of Oropharyngeal Dysphagia using High Resolution Cervical Auscultation Recordings
OpenAlex,W7161605293,10.21294/1814-4861-2026-25-2-35-45,,2026,Siberian Journal of Oncology,A machine-learning-based model for predicting 90-day postoperative mortality in esophageal cancer surgery
OpenAlex,W4417001453,10.1016/j.clnesp.2025.11.157,,2025,Clinical Nutrition ESPEN,Application of machine learning to create a prediction model for the need of aggressive nutritional intervention during head &amp; neck cancer radiotherapy
OpenAlex,W7157792840,10.1007/s00405-026-10265-1,,2026,European Archives of Oto-Rhino-Laryngology,Machine learning for predicting muscle loss after radiotherapy using clinical and toxicity data in oral cavity cancer
OpenAlex,W3168658785,10.1016/j.jval.2021.04.837,,2021,Value in Health,PND53 Predictive Models Leveraging Machine Learning and Real-World Data for Early Diagnosis: An Application in Amyotrophic Lateral Sclerosis
OpenAlex,W7166885554,10.1007/s10439-026-04267-7,,2026,Annals of Biomedical Engineering,"Screening and Evaluation of Post-stroke Dysphagia: Insights from Neurology, Artificial Intelligence and Data Science—A Scoping Review"
OpenAlex,W3017651197,,,2020,,Automated robust planning for intensity modulated proton therapy (IMPT) in oropharyngeal cancer patients using machine learning
OpenAlex,W2972318384,10.1016/j.ijrobp.2019.06.522,,2019,International Journal of Radiation Oncology*Biology*Physics,Accuracy of a Natural Language Processing Pipeline to Identify Patient Symptoms during Radiation Therapy
OpenAlex,W7143524135,10.3340/jkns.2025.0252,,2026,Journal of Korean Neurosurgical Society,Machine Learning Prediction of Prevertebral Soft Tissue Swelling after Single-Level Anterior Cervical Surgery : A Proof-of-Concept Study
OpenAlex,W7108453597,10.1182/blood-2025-3967,,2025,Blood,"Bayesian machine learning, medical history, and predictive models for early diagnosis of systemic light chain amyloidosis"
OpenAlex,W7161134773,10.1038/s41598-026-52516-5,,2026,Scientific Reports,Machine learning-based analysis of the relationship between brain lesion sites and swallowing and cognitive functions in stroke patients
OpenAlex,W4226264442,10.1016/j.jceh.2021.10.047,,2022,Journal of Clinical and Experimental Hepatology,Suitability of Tele-consultation for Hepato-biliary Diseases During Covid 19 Pandemic in India: A Machine Learning Based Approach
OpenAlex,W7119366993,,,2026,OSF Preprints (OSF Preprints),A Prospective Observational Cohort Study to Evaluate and Predict Oropharyngeal Dysphagia (OD) Improvement in Hospitalized Patients with Alzheimer’s disease and related Dementias (AD/ADRD)
OpenAlex,W7165003027,10.3390/jcm15124702,,2026,Journal of Clinical Medicine,Construction and Validation of a 90-Day Mortality Risk Prediction Model Based on Interpretable Machine Learning for Acute Ischemic Stroke Patients Undergoing Mechanical Thrombectomy
OpenAlex,W3049277545,10.1093/ptj/pzaa152,,2020,Physical Therapy,Impact of Social Isolation due to the COVID-19 Pandemic in Patients With Pediatric Disorders: Rehabilitation Perspectives From a Developing Country
OpenAlex,W7110812507,10.3389/fneur.2025.1513732.s001,,2025,Figshare,Data Sheet 1_Interpretable machine learning for early predicting the risk of ventilator-associated pneumonia in ischemic stroke patients in the intensive care unit.pdf
OpenAlex,W3024825761,10.1016/j.ijrobp.2019.06.090,,2019,International Journal of Radiation Oncology*Biology*Physics,Combining a Big Data Analytics Resource System with Artificial Intelligence Algorithms to Identify Clinically Actionable Radiation Dose Thresholds for Dysphagia in Head and Neck Patients
OpenAlex,W3081747380,10.1089/g4h.2020.0095,,2020,Games for Health Journal,Exergaming as a Supportive Tool for Home-Based Rehabilitation in the COVID-19 Pandemic Era
OpenAlex,W3004908119,10.1200/jco.2020.38.4_suppl.340,,2020,Journal of Clinical Oncology,An economic evaluation of palliation of dysphagia in esophageal cancer: Analysis of the TROG 03.01/NCIC ES.2 phase III study in advanced esophageal cancer in patients treated with radiotherapy versus chemoradiotherapy.
OpenAlex,W4323066879,10.1111/all.15694,,2023,Allergy,In vivo and ex vivo inflammatory responses of the esophageal mucosa to food challenge in adults with eosinophilic esophagitis
OpenAlex,W4393990700,10.1016/j.jaip.2024.01.046,,2024,The Journal of Allergy and Clinical Immunology In Practice,How Can Artificial Intelligence Help With Management of Allergic Conditions?
OpenAlex,W4406199035,10.14436/jcdam.3.2.001-037.ana,,2024,Journal of Contemporary Diseases and Advanced Medicine,ANAIS - APRESENTAÇÃO ORAL
OpenAlex,W4396765048,10.1117/12.3023709,,2024,,Multimodal wearable swallowing monitor: automatic clinical assessment of swallowing dysfunction
OpenAlex,W4417282659,10.1109/gcce65946.2025.11274708,,2025,,Automatic Classification of Swallowing Ability Based on Skin-Contact Microphone Recordings
OpenAlex,W7129743092,10.26153/tsw/62825,,2023,Open MIND,The development of a wearable sensing device for swallow monitoring and classification
OpenAlex,W3093569180,10.1016/j.ijrobp.2020.07.224,,2020,International Journal of Radiation Oncology*Biology*Physics,Radiotherapy (RT) Patterns Of Practice Variability Identified As A Challenge To Real-World Big Data: Recommendations From The Learning From Analysis Of Multicenter Big Data Aggregation (LAMBDA) Consortium
OpenAlex,W4414133918,10.1002/smll.70436,,2025,Small,A Highly Flexible Self‐Powered Triboelectric Sensor Array for Silent Speech Recognition and Swallowing Motion Analysis (Small 36/2025)
OpenAlex,W3199975189,10.21203/rs.3.rs-813839/v1,,2021,Research Square,Intraoral Swallow Pressure Profiles-General Features and Aids to Categorization
OpenAlex,W7119522192,10.20944/preprints202601.0401.v1,,2026,Preprints.org,Risk Stratification for In-Hospital Mortality in Alzheimer’s Disease Using Interpretable Regression and Explainable AI
OpenAlex,W7131219030,10.3390/geriatrics11020023,,2026,Geriatrics,Risk Stratification for In-Hospital Mortality in Alzheimer’s Disease Using Interpretable Regression and Explainable AI
OpenAlex,W4376106254,10.21203/rs.3.rs-2888134/v1,,2023,Research Square,Stretchable and Durable HD-sEMG Electrodes for Accurate Swallowing Activity Recognition on Complex Epidermal Surfaces
OpenAlex,W7158723416,10.1371/journal.pone.0347891,,2026,PLoS ONE,A cross-sectional protocol for experimental tongue high-density surface electromyography to detect and classify radiation-associated hypoglossal neuropathy
OpenAlex,W4386784346,10.1158/1557-3265.aacrahns23-po-049,,2023,Clinical Cancer Research,Abstract PO-049: The neural landscape is associated with functional outcomes for patients with oropharyngeal squamous cell carcinoma
OpenAlex,W4414532557,10.1055/s-0045-1812017,,2025,Indian Journal of Medical and Paediatric Oncology,Symptom Clustering and Its Association with Treatment and Comorbidities in Advanced Head and Neck Cancer Patients: A Data-Driven Analysis
OpenAlex,W4417359535,10.3390/diagnostics15243213,,2025,Diagnostics,Phenotype Correlations of Neurological Manifestations in Wolfram Syndrome: Predictive Modeling in a Spanish Cohort
OpenAlex,W4389116175,10.48550/arxiv.2311.15609,,2023,arXiv (Cornell University),A manometric feature descriptor with linear-SVM to distinguish esophageal contraction vigor
OpenAlex,W4283795802,10.3390/books978-3-0365-4084-9,,2022,,Advances in Management of Voice and Swallowing Disorders
OpenAlex,W4225329785,10.1096/fasebj.2022.36.s1.0r549,,2022,The FASEB Journal,Development of an FM interferential electrical stimulator for swallowing rehabilitation
OpenAlex,W7162023752,10.3233/shti260140,,2026,Studies in health technology and informatics,Prediction of Early Functional Outcome After Acute Ischemic Stroke Using Real-World Clinical Data in Vietnam and Indonesia: Retrospective Cohort Study
OpenAlex,W4281674083,10.1016/s0167-8140(22)02395-7,,2022,Radiotherapy and Oncology,"MO-0637 Efficient workflow and high quality robust IMPT plans, can we have it both?"
OpenAlex,W7126066994,10.1016/j.oooo.2026.01.010,,2026,Oral Surgery Oral Medicine Oral Pathology and Oral Radiology,The role of dentists in the recognition of neurodegenerative and systemic conditions with neurological involvement
OpenAlex,W7163330942,10.5281/zenodo.20527813,,2026,Zenodo (CERN European Organization for Nuclear Research),ASPIR-CLIN Dataset
OpenAlex,W7163337083,10.5281/zenodo.20527814,,2026,Zenodo (CERN European Organization for Nuclear Research),ASPIR-CLIN Dataset
OpenAlex,W2946442639,10.1016/s0167-8140(19)30751-0,,2019,Radiotherapy and Oncology,SP-0331 Gut microbiota SCFAs modulate dendritic cell antigen presentation and impact radiotherapy
OpenAlex,W7164912458,10.36922/ijb026200182,,2026,International Journal of Bioprinting,Intelligent process control and stimulus-responsive 4D transformation in extrusion-based 3D food printing: A critical review
OpenAlex,W4226497660,10.1007/s40846-022-00682-y,,2022,Journal of Medical and Biological Engineering,Intraoral Swallow Pressure Profiles: General Features and Aids to Categorization
OpenAlex,W7162468717,10.1186/s12879-026-13667-y,,2026,BMC Infectious Diseases,Multi-dimensional risk prediction and genetic architecture of aspiration pneumonia: a population-based analysis
OpenAlex,W4404641381,10.1101/2024.11.22.24317773,,2024,medRxiv,Risk prediction models for pneumonia in hospitalized stroke patients: A systematic review
OpenAlex,W7139911576,10.1007/s11894-026-01039-0,,2026,Current Gastroenterology Reports,Gastrointestinal Complaints After Fundoplication: Rapid Review and Evidence Mapping
OpenAlex,W3046062747,10.1017/cts.2020.287,,2020,Journal of Clinical and Translational Science,4290 Acoustic screening for the “wet voice” in a canine laryngeal model
OpenAlex,W4362584130,10.1016/s1556-0864(23)00466-5,,2023,Journal of Thoracic Oncology,213P Development of an explainable clinical decision support tool for advanced lung cancer patients
OpenAlex,W7167597138,10.1007/s12975-026-01465-2,,2026,Translational Stroke Research,Quantitative Cerebrovascular Analysis for Improved Prediction of Post-Stroke Complications
OpenAlex,W7129197227,10.64898/2026.02.12.26346217,,2026,medRxiv,Quantitative Cerebrovascular Analysis for Improved Prediction of Post-Stroke Complications
OpenAlex,W7140227914,10.1097/01.ccm.0001184768.40438.97,,2026,Critical Care Medicine,693: DECODING GERIATRIC COMMUNITY-ACQUIRED PNEUMONIA: DATA-DRIVEN ENDOTYPES TO TREATABLE TRAITS
OpenAlex,W7130644649,10.1007/s00520-026-10475-7,,2026,Supportive Care in Cancer,Multidimensional analysis of postoperative nursing challenges in oral cancer surgery: a retrospective study of 245 patients and proposal of the PROTECT mode
OpenAlex,W4205514523,10.1542/pir.31.8.e54,,2010,Pediatrics in Review,Osteogenesis Imperfecta: Primary Care
OpenAlex,W4411400660,10.1016/j.ard.2025.06.394,,2025,Annals of the Rheumatic Diseases,POS1040 CHARTING A NEW COURSE IN IDIOPATHIC INFLAMMATORY MYOPATHIES: RE-EXPLORING HOW RACE SHAPES ANTIBODIES AND SUBSETS IN ASIA AND PACIFIC
OpenAlex,W7162677616,10.1200/jco.2026.44.16_suppl.e18113,,2026,Journal of Clinical Oncology,Physics-informed neural network–driven early assessment of PEG feeding tube placement prediction for head and neck cancer.
OpenAlex,W4283713535,10.1136/annrheumdis-2022-eular.2376,,2022,Annals of the Rheumatic Diseases,POS0878 ASSOCIATION OF A LOWER BODY-MASS INDEX WITH THE PRESENCE OF ILD IN SSc PATIENTS – A DERIVATION PREDICTION STUDY USING DECISION TREE-BASED ALGORITHMS
OpenAlex,W4414540848,10.31435/ijitss.3(47).2025.3629,,2025,International Journal of Innovative Technologies in Social Science,THE ROLE OF NASAL FIBEROSCOPY IN OTORHYNOLARYNGOLOGICAL PRACTICE FOR THE EARLY DETECTION OF UPPER AIRWAY CANCERS
OpenAlex,W4387798179,10.1097/xcs.0000000000000821,,2023,Journal of the American College of Surgeons,Bariatric and Foregut
OpenAlex,W4414759414,10.60059/spl.2023.2.18-33,,2025,Специална педагогика и логопедия,"Дизартрична симптоматика, маркери и съпътстващи дефицити в синдрома на Паркинсон"
OpenAlex,W4230999539,10.1080/03069400.2014.914732,,2014,The Law Teacher,Training the Dragon®: the use of voice recognition software in the legal writing classroom
OpenAlex,W4414781775,10.1097/xcs.0000000000001565,,2025,Journal of the American College of Surgeons,Otolaryngology
OpenAlex,W7140209777,10.1097/01.ccm.0001182192.43989.30,,2026,Critical Care Medicine,SOCIETY OF CRITICAL CARE MEDICINE 55TH CRITICAL CARE CONGRESS
OpenAlex,W3023839191,10.1176/appi.pn.2020.5b24,,2020,Psychiatric News,<i>Special Report:</i> COVID-19 and People With SMI—New Notes From the Field
OpenAlex,W3111507871,10.1590/s0004-2803.202000000-66,,2020,Arquivos de Gastroenterologia,ARTIFICIAL INTELLIGENCE AND DYSPHAGIA: NOVEL SOLUTIONS TO OLD PROBLEMS
OpenAlex,W4399055535,10.3390/brainsci14060546,,2024,Brain Sciences,The Development of an Artificial Intelligence Video Analysis-Based Web Application to Diagnose Oropharyngeal Dysphagia: A Pilot Study
OpenAlex,W4405767028,10.1016/j.clnu.2024.12.022,,2024,Clinical Nutrition,Effect of artificial intelligence-based video-game system on dysphagia in patients with stroke: A randomized controlled trial
OpenAlex,W4406741819,10.1055/s-0044-1801781,,2025,International Archives of Otorhinolaryngology,Artificial Intelligence for Diagnosis and Treatment of Dysphagia
OpenAlex,W4404503686,10.1016/j.foodres.2024.115354,,2024,Food Research International,Comprehensive review of dysphagia and technological advances in dysphagia food
OpenAlex,W4394060490,10.1016/j.tifs.2024.104478,,2024,Trends in Food Science & Technology,3D printing of nutritious dysphagia diet: Status and perspectives
OpenAlex,W3176374998,10.3390/cancers13133162,,2021,Cancers,Modern Diagnosis of Early Esophageal Cancer: From Blood Biomarkers to Advanced Endoscopy and Artificial Intelligence
OpenAlex,W4408884588,10.1007/s12094-025-03900-6,,2025,Clinical & Translational Oncology,Artificial intelligence in dysphagia assessment: evaluating lingual muscle composition in head and neck cancer
OpenAlex,W4224239227,10.3390/ijerph19084529,,2022,International Journal of Environmental Research and Public Health,A Basic Study for Predicting Dysphagia in Panoramic X-ray Images Using Artificial Intelligence (AI)—Part 1: Determining Evaluation Factors and Cutoff Levels
OpenAlex,W4315866132,10.1038/s41598-023-27863-2,,2023,Scientific Reports,Symptoms timeline and outcomes in amyotrophic lateral sclerosis using artificial intelligence
OpenAlex,W4306964569,10.3389/fmed.2022.950728,,2022,Frontiers in Medicine,Harnessing artificial intelligence to infer novel spatial biomarkers for the diagnosis of eosinophilic esophagitis
OpenAlex,W4205757294,10.1002/cre2.531,,2022,Clinical and Experimental Dental Research,Real‐time assessment of swallowing sound using an electronic stethoscope and an artificial intelligence system
OpenAlex,W4387533370,10.3390/eng4040145,,2023,Eng—Advances in Engineering,A Basic Study for Predicting Dysphagia in Panoramic X-ray Images Using Artificial Intelligence (AI) Part 2: Analysis of the Position of the Hyoid Bone on Panoramic Radiographs
OpenAlex,W4200009028,10.3390/app112411763,,2021,Applied Sciences,Explainable Artificial Intelligence-Based Decision Support System for Assessing the Nutrition-Related Geriatric Syndromes
OpenAlex,W4387568008,10.1016/j.anl.2023.09.001,,2023,Auris Nasus Larynx,Artificial intelligence-based diagnosis of the depth of laryngopharyngeal cancer
OpenAlex,W4407632212,10.1007/s00455-025-10812-8,,2025,Dysphagia,Artificial Intelligence in Videofluoroscopy Swallow Study Analysis: A Comprehensive Review
OpenAlex,W4409167349,10.1177/1877718x251329354,,2025,Journal of Parkinson s Disease,Digital health technology for Parkinson's disease with comprehensive monitoring and artificial intelligence-enabled haptic biofeedback for bulbar dysfunction
OpenAlex,W4226517169,,,2022,DOAJ (DOAJ: Directory of Open Access Journals),Dysphagia Management and Outcomes in Elderly Stroke Patients with Malnutrition Risk: Results from Chinese Stroke Center Alliance
OpenAlex,W3083161116,10.11575/prism/38162,,2020,Open MIND,Artificial Intelligence to Advance Adaptive Radiation Therapy
OpenAlex,W4403201549,10.1111/nmo.14931,,2024,Neurogastroenterology & Motility,Comparison of measurement of integrated relaxation pressure by esophageal manometry with analysis of swallowing sounds with artificial intelligence in patients with achalasia
OpenAlex,W4411529292,10.1111/ggi.70108,,2025,Geriatrics and gerontology international/Geriatrics & gerontology international,Application of an <scp>artificial intelligence</scp> –assisted electronic stethoscope for evaluating swallowing function decline across age groups and sex in Japan
OpenAlex,W4281938635,10.48550/arxiv.2205.13583,,2022,arXiv (Cornell University),Harnessing Artificial Intelligence to Infer Novel Spatial Biomarkers for the Diagnosis of Eosinophilic Esophagitis
OpenAlex,W4403199378,10.46354/i3m.2024.foodops.011,,2024,,Artificial intelligence-based soil moisture estimation using a combination of in-situ measurements and open-source data
OpenAlex,W7128567252,,,2026,OSF Preprints (OSF Preprints),Artificial Intelligence in Dysphagia Assessment (VFSS and FEES)
OpenAlex,W7118171644,10.4103/jisha.jisha_22_25,,2025,Journal of Indian Speech Language & Hearing Association,Smart Swallows: The Role of Artificial Intelligence in Dysphagia Evaluation and Treatment
OpenAlex,W4405339012,10.1007/s00520-024-09071-4,,2024,Supportive Care in Cancer,"Cancer treatment–induced ulcerative mucositis serves as a significant predictor of burden of illness including dysphagia, and associated disparities among hospitalized cancer patients"
OpenAlex,W7106319828,10.25259/jhs-2024-11-17-(1657),,2025,Journal of Health and Allied Sciences NU,Exploring Speech Language Pathologist’s Awareness and Attitude Towards Artificial Intelligence in Dysphagia
OpenAlex,W7163038507,10.17605/osf.io/eanvq,,2026,Open MIND,New Perspectives on Artificial Intelligence Intervenes Functional Dysphagia: a Scoping Review
OpenAlex,W7161482407,10.1111/1541-4337.70507,,2026,Comprehensive Reviews in Food Science and Food Safety,Modulating Protein–Starch Interactions for Microstructure and Rheology of Soft‐Textured Dysphagia Foods—A Review
OpenAlex,W7160829904,10.1111/nmo.70344,,2026,Neurogastroenterology & Motility,Artificial Intelligence Chatbots for Dysphagia Patient Education: A Multi‐Center International Expert Evaluation
OpenAlex,W7128740970,10.6000/1929-4247.2026.15.01.4,,2026,International Journal of Child Health and Nutrition,From Artificial Intelligence to Real-Life Practice: Can ChatGPT be a Guide About Pediatric Dysphagia?
OpenAlex,W7162995444,10.17605/osf.io/4syxq,,2026,Open MIND,New Perspectives on Artificial Intelligence Intervenes Functional Dysphagia Caused by Tumors: a Scoping Review
OpenAlex,W4408521077,10.1109/bhi62660.2024.10913922,,2024,,Artificial Intelligence-Driven Penetration-Aspiration Detection in Dysphagia Patients Using Fluoroscopic Videos
OpenAlex,W4382048465,10.1158/1078-0432.ccr-23-0334,,2023,Clinical Cancer Research,Efficacy and Quality-of-Life Following Involved Nodal Radiotherapy for Head and Neck Squamous Cell Carcinoma: The INRT-AIR Phase II Clinical Trial
OpenAlex,W4415350730,10.1590/1982-0216/20252767125,,2025,Revista CEFAC,"The “Gold Standard” in dysphagia assessment: Clinical swallowing evaluation, instrumental evaluation methods and artificial intelligence"
OpenAlex,W7163159861,10.17605/osf.io/am7ue,,2026,Open MIND,"Artificial Intelligence in Oropharyngeal Dysphagia: A Scoping Review of Methodological Quality Based on STARD, CLAIM, and TRIPOD+AI Guidelines"
OpenAlex,W4387807408,10.2196/preprints.53738,,2023,,Development of an Artificial Intelligence Video Analysis-Based Web Application to Diagnose Oropharyngeal Dysphagia – A Pilot Study (Preprint)
OpenAlex,W4387160135,10.1016/j.ijrobp.2023.06.2007,,2023,International Journal of Radiation Oncology*Biology*Physics,Initial Clinical Experience Using Daily Artificial Intelligence-Assisted Adaptive Radiotherapy on Cone-Beam CT for Cancer of the Head and Neck
OpenAlex,W4410548069,10.1016/s0167-8140(25)01583-x,,2025,Radiotherapy and Oncology,325 ANALYZING LINGUAL MUSCLE COMPOSITION WITH ARTIFICIAL INTELLIGENCE (IA): AN INNOVATIVE APPROACH TO DYSPHAGIA ASSESSMENT IN HEAD AND NECK CANCER
OpenAlex,W4415196857,10.1016/j.tifs.2025.105389,,2025,Trends in Food Science & Technology,3D printing-driven functional food innovation: construction of personalized nutritional system and precise regulation mechanism of texture structure
OpenAlex,W7116269755,10.1016/j.ajem.2025.12.022,,2025,The American Journal of Emergency Medicine,"The global epidemiology of botulism outbreaks from open-source intelligence, 2017–2024"
OpenAlex,W4390077412,10.5306/wjco.v14.i12.570,,2023,World Journal of Clinical Oncology,Update on current diagnosis and management of anaplastic thyroid carcinoma
OpenAlex,W4312140778,10.3390/diagnostics12123202,,2022,Diagnostics,Endoscopic Diagnosis of Eosinophilic Esophagitis: Basics and Recent Advances
OpenAlex,W4387933539,10.1101/2023.10.24.23297349,,2023,medRxiv,"Data Farming to Table: Combined Use of a Learning Health System Infrastructure, Statistical Profiling, and Artificial Intelligence for Automating Toxicity and 3-year Survival for Quantified Predictive Feature Discovery from Real-World Data for Patients Having Head and Neck Cancers"
OpenAlex,W4396638040,10.1016/s0016-5085(24)01395-7,,2024,Gastroenterology,"Sa1243 ARTIFICIAL INTELLIGENCE TOOLS FOR THE DIAGNOSIS OF EOSINOPHILIC ESOPHAGITIS IN ADULTS REPORTING DYSPHAGIA: DEVELOPMENT, EXTERNAL VALIDATION, AND SOFTWARE CREATION FOR POINT-OF-CARE USE"
OpenAlex,W4394684231,10.1016/s1590-8658(24)00470-5,,2024,Digestive and Liver Disease,"OC.08.4: ARTIFICIAL INTELLIGENCE TOOLS PREDICT EOSINOPHILIC ESOPHAGITIS IN ADULTS REPORTING DYSPHAGIA: DEVELOPMENT, EXTERNALVALIDATION, AND SOFTWARE CREATION FOR POINT-OF-CARE USE"
OpenAlex,W4402843515,10.1002/hsr2.70081,,2024,Health Science Reports,Patient and care partner perspectives and preferences related to myasthenia gravis treatment: A qualitative study
OpenAlex,W4390169461,10.1016/j.glmedi.2023.100045,,2023,Journal of Medicine Surgery and Public Health,The nexus of malnutrition and stroke associated pneumonia: Insights and strategies for improved outcomes
OpenAlex,W7116732400,10.1136/bmjoq-2025-003704,,2025,BMJ Open Quality,AI-generated videos in medical education: systematic review
OpenAlex,W4407293464,10.7759/cureus.78804,,2025,Cureus,The Contemporary Diagnostic Approaches to Esophageal Symptomatology
OpenAlex,W4403589989,10.1055/a-2445-8952,,2024,Seminars in Respiratory and Critical Care Medicine,Swallowing and Aspiration: How to Evaluate and Treat Swallowing Disorders Associated with Aspiration Pneumonia in Older Persons
OpenAlex,W4387590061,10.1016/j.ijrobp.2023.08.032,,2023,International Journal of Radiation Oncology*Biology*Physics,Acute Toxicity and Efficiency Outcomes in the DARTBOARD Randomized Trial of Daily Adaptive Radiotherapy for Head and Neck Squamous Cell Carcinoma
OpenAlex,W4410715188,10.1080/03639045.2025.2510581,,2025,Drug Development and Industrial Pharmacy,Innovative strategies in the formulation and applications of mouth dissolving films for enhanced oral drug delivery
OpenAlex,W7116650698,10.1007/s13304-025-02490-w,,2025,Updates in Surgery,Reflections on surgery for hiatal hernia
OpenAlex,W4399999746,10.1016/j.atssr.2024.06.007,,2024,Annals of Thoracic Surgery Short Reports,ChatGPT vs Expert-Guided Care Pathways for Postesophagectomy Symptom Management
OpenAlex,W7148726189,10.1038/s44355-025-00046-8,,2026,npj gut and liver.,Leveraging artificial intelligence in eosinophilic esophagitis
OpenAlex,W4285173516,10.1039/9781839165603-00230,,2022,,Geriatric Pharmaceutics
OpenAlex,W7139073811,10.4018/979-8-3373-6405-6.ch004,,2026,,Innovative Approaches in Dysphagia
OpenAlex,W3003894209,10.34160/jkds.2020.10.1.002,,2020,Journal of the Korean Dysphagia Society,연하장애 분야의 인공지능 적용
OpenAlex,W4417333325,10.4103/jhnps.jhnps_88_25,,2025,Journal of Head & Neck Physicians and Surgeons,"Rehabilitation after Oral Cancer: Functional, Prosthetic, and Psychosocial Perspectives"
OpenAlex,W4415960634,10.1097/rnj.0000000000000521,,2025,Rehabilitation Nursing,Swallowing Dysfunction in Stroke: The Role of Nurses and Rehabilitation Strategies Across Recovery Phases
OpenAlex,W4415028550,10.1016/j.cgh.2025.09.034,,2025,Clinical Gastroenterology and Hepatology,From Pixels to Peristalsis: Comparing Achalasia Diagnosis With Artificial Intelligence With Expert Endoscopists
OpenAlex,W4412027101,10.1186/s40001-025-02714-0,,2025,European journal of medical research,Research on transcranial magnetic stimulation for stroke rehabilitation: a visual analysis based on CiteSpace
OpenAlex,W4417492707,10.1080/87559129.2025.2604119,,2025,Food Reviews International,Beyond One-Size-Fits-All: 3D Food Printing and Microencapsulation as an Integrated Platform for Tailored Dietary Solutions
OpenAlex,W7161054901,10.1088/2516-1091/ae6d5d,,2026,Progress in Biomedical Engineering,Wearable sensors for monitoring neurogenic dysphagia: a scoping review
OpenAlex,W4413473664,10.37575/b/med/250007,,2025,Scientific Journal of King Faisal University Basic and Applied Sciences,Automated Oropharyngeal Dysphagia Assessment with Mask R-CNN and Kinematic Measures
OpenAlex,W4411636383,10.2196/59926,,2025,JMIR mhealth and uhealth,"Impact of mHealth on Postoperative Quality of Life, Self-Management, and Dysfunction in Patients With Oral and Maxillofacial Tumors: Nonrandomized Controlled Trial"
OpenAlex,W4411739956,10.22416/1382-4376-2025-35-2-18-36,,2025,Russian Journal of Gastroenterology Hepatology Coloproctology,Endoscopic Features of Eosinophilic Esophagitis: From Its Origins to Current Practice and Innovations. Literature Review and Personal Experience
OpenAlex,W7151775355,10.1016/j.ctro.2026.101165,,2026,Clinical and Translational Radiation Oncology,Artificial intelligence (AI) for early identification of radiotherapy related toxicities from the electronic health records of patients with head and neck cancer
OpenAlex,W4417019854,10.1002/mp.70183,,2025,Medical Physics,Efficient proton–photon patient selection via dose and NTCP prediction for head and neck cancer patients
OpenAlex,W7140272946,10.5772/intechopen.1014322,,2026,IntechOpen eBooks,From Scope to Strategy: FEES and Its Role in Contemporary Dysphagia Care
OpenAlex,W7159979487,10.17605/osf.io/yfe3b,,2026,Open MIND,Assessment Tools for Post-Stroke Dysphagia: A Scoping Review
OpenAlex,W7143431905,10.3390/children13040479,,2026,Children,Artificial Intelligence-Based Video Analysis for Assessing Sucking Behavior in Preterm Infants: A Feasibility Study
OpenAlex,W4414788340,10.1007/978-3-031-94934-0_97,,2025,"World Congress on Medical Physics and Biomedical Engineering, September 7 - 12, 2009, Munich, Germany",Temporal and Frequency Analysis of Laryngeal Tremors Present in Fiberoptic Endoscopic Evaluation of Swallowing Using Artificial Intelligence: A Pilot Study
OpenAlex,W4412534092,10.2196/72372,,2025,JMIR mhealth and uhealth,Wearable Technologies in Head and Neck Oncology: Scoping Review
OpenAlex,W7153121362,10.1038/s41598-026-44495-4,,2026,Scientific Reports,Artificial intelligence and image processing framework for automated airway invasion detection and residue classification from swallowing endoscopy
OpenAlex,W7162879569,10.1080/10749357.2026.2675410,,2026,Topics in Stroke Rehabilitation,Optimizing cervical breath sound acquisition protocol in dysphagia patients: an orthogonal experimental study
OpenAlex,W7151598420,10.1016/j.foodhyd.2026.112761,,2026,Food Hydrocolloids,"Multifunctional emulsion gels for dysphagia nutrition: Coordinating texture, bioactives delivery, and sensory perception"
OpenAlex,W7154604625,10.71431/ijrpas.2026.5307,,2026,International Journal of Research in Pharmacy and Allied Science,"Artificial Intelligence-Enabled Quality by Design and Regulatory Science for Apixaban Orodispersible Tablets: A Critical Review of Clinical Rationale, Formulation Strategy, and Submission-Ready Documentation for Stroke Prevention"
OpenAlex,W4225695318,10.1155/2022/3698721,,2022,Journal of Healthcare Engineering,Clinical Research on Gastrointestinal Surgery Based on Smart Medicine
OpenAlex,W7126084768,10.5167/uzh-283128,,2025,Open MIND,Application of an artificial intelligence–assisted electronic stethoscope for evaluating swallowing function decline across age groups and sex in Japan
OpenAlex,W4394879545,10.4103/jopcs.jopcs_45_23,,2024,Journal of Primary Care Specialties,Use of Chat Generative Pretrained Transformer in Counseling Patient of Amyotrophic Lateral Sclerosis
OpenAlex,W4390606485,10.21203/rs.3.rs-3824771/v1,,2024,Research Square,Real world clinical experience using daily artificial intelligence-assisted online adaptive radiotherapy for head and neck cancer
OpenAlex,W4402906347,10.1016/j.ijrobp.2024.07.062,,2024,International Journal of Radiation Oncology*Biology*Physics,"Novel Statistical-AI Method to Automate Discovery of Predictive Factors and Thresholds for 3 Year Survival, Dysphagia and Xerostomia for Patients with Head and Neck Cancers"
OpenAlex,W2789898040,10.11124/jbisrir-2017-003674,,2018,The JBI Database of Systematic Reviews and Implementation Reports,"Systematic searching?...well, we had a bit of a look"
OpenAlex,W4387752097,10.14309/01.ajg.0000956512.97298.c5,,2023,The American Journal of Gastroenterology,"S1718 Understanding the Landscape: The Emergence of AI, ChatGPT, and Google BARD in Gastroenterology"
OpenAlex,W4414016978,10.21203/rs.3.rs-7393011/v1,,2025,Research Square,Feeding Intelligence: Comparative Evaluation of ChatGPT and Clinical Guidelines for Nutritional Management in Head and Neck Cancer
OpenAlex,W4416554307,10.1186/s12967-025-07477-0,,2025,Journal of Translational Medicine,Feeding intelligence: comparative evaluation of ChatGPT and clinical guidelines for nutritional management in head and neck cancer
OpenAlex,W4403720106,10.14309/01.ajg.0001037988.33658.a3,,2024,The American Journal of Gastroenterology,S2155 Comparative Evaluation of Various Artificially Intelligent Chatbots for Management Recommendations of Common Gastroenterology Diseases
OpenAlex,W4408659291,10.3322/caac.70004,,2025,CA A Cancer Journal for Clinicians,Treatment adaptation based on response to induction chemotherapy in nasopharyngeal carcinoma: An evolving landscape
OpenAlex,W7110562006,,,2025,Language arts journal of Michigan,Hybrid Simulations in Clinical Education of Swallowing Disorders in Aging Populations
OpenAlex,W7131349950,10.4103/jcsr.jcsr_145_25,,2025,The Journal of Clinical and Scientific Research,A rare case of Plummer–Vinson syndrome in a young female
OpenAlex,W4405518473,10.54441/jnn.2024.4.2.111,,2024,Korean Intraoperative Neuromonitoring Society,Management strategies for suspected nerve injury during thyroid surgery: a comprehensive review
OpenAlex,W3201444096,10.24193/subbbioethica.2021.spiss.16,,2021,Studia Universitatis Babeş-Bolyai Bioethica,"Oral Presentations Abstracts: THE GOOD, THE BAD AND THE UGLY IN APP DIAGNOSIS: OUTCOMES AND IMPLICATIONS BY EXAMPLE"
OpenAlex,W4417273978,10.1097/ms9.0000000000004177,,2025,Annals of Medicine and Surgery,Tubarial glands and their cryptic role in mimicking symptoms of rare Plummer–Vinson syndrome variants in the nasopharynx
OpenAlex,W7147139451,10.33706/jemcr.1655058,,2026,Journal of Emergency Medicine Case Reports,Does motherlessness cause mediastinitis? A Case Report Highlighting Adolescence Care Responsibilities and Biopsychosocial Considerations
OpenAlex,W4296487625,10.1002/ueg2.12312,,2022,United European Gastroenterology Journal,UEG week and UEG journal: A strong scientific <i>liaison</i>
OpenAlex,W7165053431,10.4291/wjgp.121571,,2026,World Journal of Gastrointestinal Pathophysiology,Advancing the understanding of eosinophilic esophagitis: From pathogenesis to novel therapies
OpenAlex,W4412354041,10.7759/cureus.87751,,2025,Cureus,Pharmacist’s Support in the Transition From Hospital to Home Care in Patients With Multiple Medications: Avoidance of Fragmentation of Care
OpenAlex,W7118582785,10.32604/cmes.2025.075064,,2026,Computer Modeling in Engineering & Sciences,Real-Time Mouth State Detection Based on a BiGRU-CLPSO Hybrid Model with Facial Landmark Detection for Healthcare Monitoring Applications
OpenAlex,W2981036964,10.1016/j.gie.2019.06.035,,2019,Gastrointestinal Endoscopy,Dysplasia detection in Barrett's esophagus: Is the glass half full or half empty?
OpenAlex,W7154093298,10.3390/jcm15082911,,2026,Journal of Clinical Medicine,Monitoring Spontaneous Swallowing After Tracheostomy Using a Neck-Worn Electronic Stethoscope: A Pilot Study
OpenAlex,W7162630349,10.1200/jco.2026.44.16_suppl.e23271,,2026,Journal of Clinical Oncology,Association patterns among patient-reported adverse events in advanced NSCLC: A post-hoc analysis of the CLIMEDIN randomized controlled trial.
OpenAlex,W7152546813,10.12775/qs.2026.54.70170,,2026,Quality in Sport,Modern Diagnostic Methods and Pathomechanisms of Eosinophilic Esophagitis – A Review
OpenAlex,W7110639735,,,2014,OpenMETU (Middle East Technical University),Esofagus kanser vakalarının bayes ağları ve destek vektör makinaları kullanılarak ameliyat sonrası prognostik tahmini.
OpenAlex,W4402798925,10.1158/1078-0432.c.6742661.v3,,2024,,Data from Efficacy and quality-of-life following involved nodal radiotherapy for head and neck squamous cell carcinoma: the INRT-AIR phase II clinical trial
OpenAlex,W4399761452,10.1016/j.wneu.2024.06.083,,2024,World Neurosurgery,Perioperative Segmentation of the Posterior Fossa and the Keel of Goodrich in Surgical Outcomes of Chiari Malformations
OpenAlex,W7120285500,,,2025,LA Referencia (Red Federada de Repositorios Institucionales de Publicaciones Científicas),Desenvolvimento de uma interface tecnológica para o rastreio do risco de broncoaspiração no ambiente hospitalar
OpenAlex,W4386373790,10.1158/1078-0432.c.6742661.v2,,2023,,Data from Efficacy and Quality-of-Life Following Involved Nodal Radiotherapy for Head and Neck Squamous Cell Carcinoma: The INRT-AIR Phase II Clinical Trial
OpenAlex,W4384298090,10.1158/1078-0432.c.6742661,,2023,,Data from Efficacy and Quality-of-Life Following Involved Nodal Radiotherapy for Head and Neck Squamous Cell Carcinoma: The INRT-AIR Phase II Clinical Trial
OpenAlex,W7165683899,10.1088/1758-5090/ae80ff,,2026,Biofabrication,"Engineering the esophagus: advances, challenges, and translational pathways in esophageal tissue reconstruction"
OpenAlex,W4384339094,10.1158/1078-0432.c.6742661.v1,,2023,,Data from Efficacy and Quality-of-Life Following Involved Nodal Radiotherapy for Head and Neck Squamous Cell Carcinoma: The INRT-AIR Phase II Clinical Trial
OpenAlex,W7134123550,10.1016/b978-0-443-31592-3.00013-3,,2026,Elsevier eBooks,Precision medicine in oral cancer
OpenAlex,W2973227724,10.1016/j.ijrobp.2019.06.089,,2019,International Journal of Radiation Oncology*Biology*Physics,Comparing Patient-Reported vs Clinician-Reported Symptoms in Head and Neck Cancer Patients Using Automated Health Chats
OpenAlex,W7117108435,10.6084/m9.figshare.30939083.v1,,2025,Figshare,Objective Measurement Methods in Mastication Research 1950 to 2025: A Scoping Review with Support of Large Language Models
OpenAlex,W7117109545,10.6084/m9.figshare.30939083,,2025,Figshare,Objective Measurement Methods in Mastication Research 1950 to 2025: A Scoping Review with Support of Large Language Models
OpenAlex,W4205183091,10.2106/jbjs.21.00258,,2021,Journal of Bone and Joint Surgery,What’s New in Spine Surgery
OpenAlex,W4414383592,10.3389/fped.2025.1678818,,2025,Frontiers in Pediatrics,Editorial: Multidisciplinary approaches in pediatric gastrointestinal and liver diseases
OpenAlex,W4392588783,10.1016/j.gimo.2024.101216,,2024,Genetics in Medicine Open,P322: Case report: A splice site variant in COL4A6 may cause recurrent stroke
OpenAlex,W4412883577,10.4103/idoj.idoj_563_24,,2025,Indian Dermatology Online Journal,An Unusual Case of Esophageal Bullous Pemphigoid at a Tertiary Care Center
OpenAlex,W4401230948,10.1136/annrheumdis-2024-eular.3789,,2024,Annals of the Rheumatic Diseases,POS1278 INTEGRATING LARGE LANGUAGE MODELS IN MEDICINE: A STUDY OF ANTHROPIC’S CLAUDE’S PERFORMANCE IN MDAAT SCORING FOR IDIOPATHIC INFLAMMATORY MYOPATHIES
OpenAlex,W7117486737,10.4103/idoj.idoj_1124_24,,2025,Indian Dermatology Online Journal,Lymphangioma Circumscriptum Secondary to Cystic Hygroma
OpenAlex,W7131267262,10.4103/arwy.arwy_42_25,,2026,Airway,Airway Management for Balloon Mechanical Dilatation of Postcolopharyngoplasty Tracheal Stenosis Using Intermittent Ventilation Via Cuffed Endotracheal Tube
OpenAlex,W7128504334,10.4103/idoj.idoj_28_25,,2026,Indian Dermatology Online Journal,Woody Hard Swelling Over Submandibular Region with Multicentric Lymphadenopathy
OpenAlex,W4412950141,10.4103/idoj.idoj_840_24,,2025,Indian Dermatology Online Journal,Lepidoptera Lexicon: Metaphorical Descriptors in Dermatology
OpenAlex,W4401561226,10.1159/000540531,,2024,Visceral Medicine,Gastroesophageal Reflux Disease: Still a Complex and Complicated Disease with Many Uncertainties and Challenges
OpenAlex,W7135178675,10.4103/ija.ija_179_26,,2026,Indian Journal of Anaesthesia,Delayed post-operative bradykinin-mediated angioedema: A silent airway threat and role of tranexamic acid
OpenAlex,W4401331187,10.4103/jme.jme_180_23,,2024,Journal of Medical Evidence,"Airway Trauma in a Patient on Dual Antiplatelets: When it Rains, It Pours"
OpenAlex,W4415010865,10.1093/jnci/djaf283,,2025,JNCI Journal of the National Cancer Institute,Will adaptive radiation therapy be the new state-of-the-ART in head and neck cancer?
OpenAlex,W4405802838,10.1097/nr9.0000000000000079,,2024,Interdisciplinary Nursing Research,"The first practical innovation in nursing competition: April 26, 2024"
OpenAlex,W4406474775,10.1002/ohn.1137,,2025,Otolaryngology,Ethics of Elective Whole‐Body Magnetic Resonance Imaging With Head and Neck Findings
OpenAlex,W4404854983,10.4103/jcrt.jcrt_2118_24,,2024,Journal of Cancer Research and Therapeutics,PHYSICS
OpenAlex,W4388874731,10.7554/elife.84919.sa1,,2023,,Decision letter: Pancreatic cancer symptom trajectories from Danish registry data and free text in electronic health records
OpenAlex,W4388874734,10.7554/elife.84919.sa0,,2023,,Editor's evaluation: Pancreatic cancer symptom trajectories from Danish registry data and free text in electronic health records
OpenAlex,W2281663062,10.1111/nmo.12730,,2016,Neurogastroenterology & Motility,Objective prediction of pharyngeal swallow dysfunction in dysphagia through artificial neural network modeling
OpenAlex,W2078230027,10.1111/nmo.12112,,2013,Neurogastroenterology & Motility,Post‐stroke dysphagia: progress at last
OpenAlex,W4317539132,10.3389/fnhum.2023.1077234,,2023,Frontiers in Human Neuroscience,Neural basis of dysphagia in stroke: A systematic review and meta-analysis
OpenAlex,W1547531155,10.3233/jpd-120161,,2013,Journal of Parkinson s Disease,Airway Somatosensory Deficits and Dysphagia in Parkinson's Disease
OpenAlex,W2326126363,10.1177/1545968313508227,,2013,Neurorehabilitation and neural repair,Altered Resting-State Functional and White Matter Tract Connectivity in Stroke Patients With Dysphagia
OpenAlex,W2025470934,10.1371/journal.pone.0089665,,2014,PLoS ONE,Altered Cortical Swallowing Processing in Patients with Functional Dysphagia: A Preliminary Study
OpenAlex,W2064658193,10.1016/j.neuroimage.2011.08.022,,2011,NeuroImage,"Tactile, gustatory, and visual biofeedback stimuli modulate neural substrates of deglutition"
OpenAlex,W4288080756,10.3389/fnagi.2022.912691,,2022,Frontiers in Aging Neuroscience,Clinical determinants and neural correlates of presbyphagia in community-dwelling older adults
OpenAlex,W2884698874,10.3389/fnins.2018.00488,,2018,Frontiers in Neuroscience,Clinical Effects and Differences in Neural Function Connectivity Revealed by MRI in Subacute Hemispheric and Brainstem Infarction Patients With Dysphagia After Swallowing Therapy
OpenAlex,W3191844047,10.1007/s10072-021-05654-9,,2021,Neurological Sciences,Metaplasticity in the human swallowing system: clinical implications for dysphagia rehabilitation
OpenAlex,W4407804683,10.5582/bst.2025.01029,,2025,BioScience Trends,Post-stroke dysphagia: Neurological regulation and recovery strategies
OpenAlex,W4225133839,10.3390/jcm11092529,,2022,Journal of Clinical Medicine,Application of Convolutional Neural Networks for Diagnosis of Eosinophilic Esophagitis Based on Endoscopic Imaging
OpenAlex,W1969431336,10.1007/s40141-013-0034-x,,2013,Current Physical Medicine and Rehabilitation Reports,Neurostimulation as an Approach to Dysphagia Rehabilitation: Current Evidence
OpenAlex,W3144004425,10.1089/brain.2020.0818,,2021,Brain Connectivity,Repetitive Transcranial Magnetic Stimulation on the Supplementary Motor Area Changes Brain Connectivity in Functional Dysphagia
OpenAlex,W2585877339,10.1111/jebm.12242,,2017,Journal of Evidence-Based Medicine,Functional changes of neural circuits in stroke patients with dysphagia: A meta‐analysis
OpenAlex,W3165475864,10.1111/ene.14953,,2021,European Journal of Neurology,Clinical predictors and neural correlates for compromised swallowing safety in Huntington disease
OpenAlex,W7122869059,10.3390/audiolres16010009,,2026,Audiology Research,Dysphagia and Dysarthria in Neurodegenerative Diseases: A Multisystem Network Approach to Assessment and Management
OpenAlex,W2976572211,10.1177/1756286419878317,,2019,Therapeutic Advances in Neurological Disorders,Repetitive transcranial magnetic stimulation in stroke rehabilitation: review of the current evidence and pitfalls
OpenAlex,W4296819820,10.1016/j.jns.2022.120434,,2022,Journal of the Neurological Sciences,Cerebral control of swallowing: An update on neurobehavioral evidence
OpenAlex,W2999953777,10.1007/s11265-019-01498-x,,2020,Journal of Signal Processing Systems,Automated Segmentation of Cervical Intervertebral Disks from Videofluorography Using a Convolutional Neural Network and its Performance Evaluation
OpenAlex,W3085116141,10.21037/jtd-20-1956,,2020,Journal of Thoracic Disease,An artificial neural network model predicting pathologic nodal metastases in clinical stage I–II esophageal squamous cell carcinoma patients
OpenAlex,W4406501742,10.1016/j.bbr.2025.115430,,2025,Behavioural Brain Research,The basic theory and application of the mirror neuron system in dysphagia after stroke
OpenAlex,W2091977440,10.1371/journal.pone.0073577,,2013,PLoS ONE,A Study of Brain Networks Associated with Swallowing Using Graph-Theoretical Approaches
OpenAlex,W4319985783,10.3390/biom13020334,,2023,Biomolecules,Application of an Artificial Neural Network to Identify the Factors Influencing Neurorehabilitation Outcomes of Patients with Ischemic Stroke Treated with Thrombolysis
OpenAlex,W4414717359,10.3389/fneur.2025.1664668,,2025,Frontiers in Neurology,Immediate modulation effects of Tongue Tri-needle on brain functional networks in infratentorial stroke patients with dysphagia: a randomized controlled trial
OpenAlex,W4384130932,10.3390/math11143081,,2023,Mathematics,Transformer Models and Convolutional Networks with Different Activation Functions for Swallow Classification Using Depth Video Data
OpenAlex,W3042187799,10.1044/2019_ajslp-19-00068,,2020,American Journal of Speech-Language Pathology,Cortical and Subcortical Control of Swallowing—Can We Use Information From Lesion Locations to Improve Diagnosis and Treatment for Patients With Stroke?
OpenAlex,W4308869038,10.3389/fncel.2022.817732,,2022,Frontiers in Cellular Neuroscience,The impact of acupuncture on neuroplasticity after ischemic stroke: a literature review and perspectives
OpenAlex,W2136047086,10.1044/sasd22.3.94,,2013,Perspectives on Swallowing and Swallowing Disorders (Dysphagia),Clinical Consideration of Oral and Related Sensory Processing and Dysphagia
OpenAlex,W4416936075,10.3389/fnhum.2025.1573083,,2025,Frontiers in Human Neuroscience,Effects of rTMS on swallowing function and neuroimaging features in post-stroke dysphagia
OpenAlex,W2924459792,10.1117/12.2521249,,2019,,Segmentation of intervertebral disks from videofluorographic images using convolutional neural network
OpenAlex,W4402680617,10.1089/brain.2024.0021,,2024,Brain Connectivity,Repetitive Transcranial Magnetic Stimulation on Individualized Spots Based on Task functional Magnetic Resonance Imaging Improves Swallowing Function in Poststroke Dysphagia
OpenAlex,W4323365161,10.3390/brainsci13030451,,2023,Brain Sciences,Noninvasive Brain Stimulation for Neurorehabilitation in Post-Stroke Patients
OpenAlex,W4412764445,10.1186/s12883-025-04322-1,,2025,BMC Neurology,Morphological analysis and functional connectivity of the insular in patients with dysphagia after cerebral infarction based on resting-state fMRI
OpenAlex,W2957299183,10.1098/rsos.181982,,2019,Royal Society Open Science,Neck sensor-supported hyoid bone movement tracking during swallowing
OpenAlex,W2891049715,10.1136/jnnp-2018-ehdn.210,,2018,,H32 Neuronal correlates and clinical predictors for dysphagia in huntington’s disease
OpenAlex,W4398256165,10.1007/s00455-024-10715-0,,2024,Dysphagia,SARS-CoV-2 and Dysphagia: A Retrospective Analysis of COVID-19 Patients with Swallowing Disorders
OpenAlex,W2131716350,10.1002/lary.23987,,2013,The Laryngoscope,Three‐Dimensional Analysis of Pharyngeal High‐Resolution Manometry Data
OpenAlex,W3097784801,10.1007/s00455-020-10201-3,,2020,Dysphagia,Swallowing Assessment in Parkinson’s Disease: Patient and Investigator Reported Outcome Measures are not Aligned
OpenAlex,W4409312320,10.1007/s11357-025-01649-y,,2025,GeroScience,Cognitive decline limits compensatory resource allocation within the aged swallowing network
OpenAlex,W2093935640,10.1177/0194599813489506,,2013,Otolaryngology,Classification of High‐Resolution Manometry Data According to Videofluoroscopic Parameters Using Pattern Recognition
OpenAlex,W4413426068,10.1109/icma65362.2025.11120758,,2025,,An Integrated Neural Network Model for Classifying Dysphagia Intensity from Facial Expressions
OpenAlex,W2895127418,10.1016/j.jelekin.2018.10.004,,2018,Journal of Electromyography and Kinesiology,Automatic detection of oral and pharyngeal phases in swallowing using classification algorithms and multichannel EMG
OpenAlex,W4402710944,10.1111/joor.13855,,2024,Journal of Oral Rehabilitation,Correlation Between Swallowing and Cognitive Brain Networks in Older Adults via Functional <scp>MRI</scp>
OpenAlex,W2883302862,,,2018,Cardinal Scholar (Ball State University),Modeling viscosity of thickened liquids used in dysphagia management using artificial neural networks
OpenAlex,W2769998482,10.1111/nmo.13236,,2017,Neurogastroenterology & Motility,Identification of swallowing disorders in early and mid‐stage Parkinson's disease using pattern recognition of pharyngeal high‐resolution manometry data
OpenAlex,W4214660324,10.1007/s00455-022-10426-4,,2022,Dysphagia,Electrophysiological Measures of Swallowing Functions: A Systematic Review
OpenAlex,W4242792872,10.1111/dmcn.55_12887,,2015,Developmental Medicine & Child Neurology,Intrinsic functional connectivity of the swallowing neural network in children with unilateral spastic cerebral palsy (USCP) with and without dysphagia
OpenAlex,W3141564595,10.1145/3448109,,2021,Proceedings of the ACM on Interactive Mobile Wearable and Ubiquitous Technologies,ViscoCam
OpenAlex,W4409641088,10.1109/tnsre.2025.3562573,,2025,IEEE Transactions on Neural Systems and Rehabilitation Engineering,Enhancing Neural Activation in Older Adults: Action Observation-Primed Swallowing Imagery Reveals Age-Related Connectivity Patterns
OpenAlex,W4408417705,10.3389/fnhum.2025.1519660,,2025,Frontiers in Human Neuroscience,Effects of four non-invasive stimulations on swallowing function and quality of life of stroke patients—a network meta-analysis
OpenAlex,W4315486225,10.3390/brainsci13010119,,2023,Brain Sciences,Neuroplasticity Elicited by Modified Pharyngeal Electrical Stimulation: A Pilot Study
OpenAlex,W4390743518,10.1186/s13014-023-02381-7,,2024,Radiation Oncology,Using meta-analysis and CNN-NLP to review and classify the medical literature for normal tissue complication probability in head and neck cancer
OpenAlex,W4290995130,10.1109/jsen.2022.3196033,,2022,IEEE Sensors Journal,Swallowing Events Recognition Method Based on Complex Impedance Pharyngography and Nyquist Plots
OpenAlex,W4405491723,10.1109/embc53108.2024.10782047,,2024,,A Wearable System for Monitoring Neurological Disorder Events with Multi-Class Classification Model in Daily Life
OpenAlex,W3042773435,10.3390/ijms21145120,,2020,International Journal of Molecular Sciences,Quipazine Elicits Swallowing in the Arterially Perfused Rat Preparation: A Role for Medullary Raphe Nuclei?
OpenAlex,W4387102069,10.53941/ijndi.2023.100010,,2023,International Journal of Network Dynamics and Intelligence,Improved Computer-Aided Diagnosis System for Nonerosive Reflux Disease Using Contrastive Self-Supervised Learning with Transfer Learning
OpenAlex,W3016289650,10.1007/s11548-020-02145-8,,2020,International Journal of Computer Assisted Radiology and Surgery,"Segmentation of cervical intervertebral disks in videofluorography by CNN, multi-channelization and feature selection"
OpenAlex,W4303961964,10.3389/fneur.2022.1006013,,2022,Frontiers in Neurology,Modulating swallowing-related functional connectivity and behavior via modified pharyngeal electrical stimulation: A functional near-infrared spectroscopy evidence
OpenAlex,W4408250587,10.1016/j.autneu.2025.103258,,2025,Autonomic Neuroscience,Interoception in Parkinson's disease: A narrative review and framework for translational research
OpenAlex,W4386563258,10.1109/jbhi.2023.3313255,,2023,IEEE Journal of Biomedical and Health Informatics,Temporal Micro-Action Localization for Videofluoroscopic Swallowing Study
OpenAlex,W4412450241,10.1371/journal.pone.0328371,,2025,PLoS ONE,Update of safety profile of bile acid sequestrants: A real-world pharmacovigilance study of the FDA adverse event reporting system
OpenAlex,W4403659746,10.3389/fphar.2024.1438292,,2024,Frontiers in Pharmacology,Adverse drug reaction signals mining comparison of amiodarone and dronedarone: a pharmacovigilance study based on FAERS
OpenAlex,W2988349510,10.12792/icisip2019.050,,2019,,Preliminary Study on Intervertebral Disk Segmentation from Videofluorography by Multi Channelization and CNN
OpenAlex,W4410454064,10.3389/fphar.2025.1497708,,2025,Frontiers in Pharmacology,Adverse events associated with vismodegib: insights from a real-world pharmacovigilance study using the FAERS database
OpenAlex,W7148270485,10.6315/3005-3846.2278,,2026,Rehabilitation practice and science,A Narrative Review of the Central Neural Control of Swallowing and Its Implications for Dysphagia Rehabilitation
OpenAlex,W4405065092,10.1080/14740338.2024.2438751,,2024,Expert Opinion on Drug Safety,Safety assessment of tafamidis: a real-world adverse event analysis from the FAERS database
OpenAlex,W2581609541,,,2016,ScholarWorks - GVSU (Grand Valley State University),Experimental and Numerical Study of Dysphagia
OpenAlex,W4413096367,10.1109/iccsp64183.2025.11088624,,2025,,Swallowing Pattern Recognition with IoT and Convolutional Neural Networks
OpenAlex,W3143162802,,,2013,,Neurostimulation as an Approach to Dysphagia Rehabilitation: Current Evidence
OpenAlex,W4413472232,10.1109/jtehm.2025.3601988,,2025,IEEE Journal of Translational Engineering in Health and Medicine,Videographic-Free Tracking of Hyoid Bone Displacement During Swallowing Using Accelerometer Signals and Transformers
OpenAlex,W7124871445,10.21203/rs.3.rs-8315560/v1,,2026,Research Square,Brain-Swallowing Network Modulation: Neurorestoration by Bilateral Cerebell ar iTBS and Laryngeal Elevation Training in Post-Stroke Dysphagia
OpenAlex,W7165559435,10.3389/fneur.2026.1764500,,2026,Frontiers in Neurology,Multimodal neuroimaging protocol to explore the neural mechanisms of Tiao Shen Li Yan acupuncture in post-stroke dysphagia: a randomized sham-controlled clinical trial
OpenAlex,W3198685561,10.1299/transjsme.21-00166,,2021,Transactions of the JSME (in Japanese),Fundamental study on a method for evaluating swallowing function using swallowing pattern images
OpenAlex,W2202806610,10.1016/j.jpainsymman.2015.11.001,,2015,Journal of Pain and Symptom Management,Subcutaneous Use of Lacosamide
OpenAlex,W4416953688,10.3724/sp.j.1329.2025.05004,,2025,Rehabilitation Medicine,Operational Guidelines for Neck and Nape Acupuncture in Post-Stroke Dysphagia Rehabilitation
OpenAlex,W7165761959,10.3389/fneur.2026.1764500.s001,,2026,Figshare,Supplementary file 1_Multimodal neuroimaging protocol to explore the neural mechanisms of Tiao Shen Li Yan acupuncture in post-stroke dysphagia: a randomized sham-controlled clinical trial.zip
OpenAlex,W7110533519,,,2025,DOAJ (DOAJ: Directory of Open Access Journals),Operational Guidelines for Neck and Nape Acupuncture in Post-Stroke Dysphagia Rehabilitation
OpenAlex,W4410277555,10.3389/fneur.2025.1613012,,2025,Frontiers in Neurology,"Corrigendum: Dysphagia in multiple sclerosis: pathophysiology, assessment, and management—an overview"
OpenAlex,W7165809754,10.3389/fnins.2026.1824363,,2026,Frontiers in Neuroscience,Neuromuscular-related interventions for post-stroke dysphagia: a comprehensive narrative review
OpenAlex,W7163049804,10.1186/s12985-026-03178-2,,2026,Virology Journal,Post-marketing safety profile of bictegravir/emtricitabine/tenofovir alafenamide: a FAERS pharmacovigilance study with EudraVigilance validation and mechanistic investigation of pancreatitis
OpenAlex,W7117891831,10.1109/jbhi.2025.3650133,,2026,IEEE Journal of Biomedical and Health Informatics,CFSCNet: A Coarse-Fine Stream Conformer Neural Network for Swallow Segmentation
OpenAlex,W4411076689,10.3389/fneur.2025.1533099,,2025,Frontiers in Neurology,Cerebral hemodynamics and functional connectivity changes in stroke patients with dysphagia under acidic taste stimulation: a preliminary study
OpenAlex,W7110888471,10.3389/fneur.2025.1533099.s002,,2025,Figshare,Table 2_Cerebral hemodynamics and functional connectivity changes in stroke patients with dysphagia under acidic taste stimulation: a preliminary study.xlsx
OpenAlex,W7110909973,10.3389/fneur.2025.1533099.s001,,2025,Figshare,Table 1_Cerebral hemodynamics and functional connectivity changes in stroke patients with dysphagia under acidic taste stimulation: a preliminary study.xlsx
OpenAlex,W7164144560,10.1038/s41598-026-56970-z,,2026,Scientific Reports,Bilateral cerebellar intermittent theta-burst stimulation combined with laryngeal elevation training promotes neurorestoration in post-stroke dysphagia
OpenAlex,W7150943008,10.2196/preprints.95433,,2026,,Interpretable Dysphagia Risk Prediction in Parkinson Disease through Differentiable Symbolic Rules: A PPMI Cohort Study (Preprint)
OpenAlex,W7161568490,10.1109/access.2026.3694383,,2026,IEEE Access,Graph Neural Network-Based Regional Analysis of EEG During Imagined Swallowing: Identifying Cortical Contributions
OpenAlex,W2906552418,10.1097/wno.0000000000000740,,2019,Journal of Neuro-Ophthalmology,Monocular Single Saccadic Pulses
OpenAlex,W4409535412,10.2139/ssrn.5220194,,2025,SSRN Electronic Journal,Neural Mechanisms of Depressive States Impairing Swallowing Function: A Multimodal Neuroimaging Study
OpenAlex,W7145159603,,,2018,Institutional Repositories DataBase (IRDB),Acupuncture modulates functional connectivity of the brain: generating a small-world network in swallowing-related areas
OpenAlex,W4387798399,10.1097/xcs.0000000000000833,,2023,Journal of the American College of Surgeons,Neurosurgery
OpenAlex,W2060715673,10.1002/mdc3.12161,,2015,Movement Disorders Clinical Practice,A Case of Apraxic Agraphia in a Patient With Progressive Supranuclear Palsy
OpenAlex,W1938281973,10.1074/mcp.m115.054635,,2015,Molecular & Cellular Proteomics,Proteomic Profiling of Cranial (Superior) Cervical Ganglia Reveals Beta-Amyloid and Ubiquitin Proteasome System Perturbations in an Equine Multiple System Neuropathy
OpenAlex,W4282947010,10.2106/jbjs.22.00125,,2022,Journal of Bone and Joint Surgery,What’s New in Spine Surgery
OpenAlex,W7111273925,10.3389/fnhum.2025.1573083.s001,,2025,Figshare,Data Sheet 1_Effects of rTMS on swallowing function and neuroimaging features in post-stroke dysphagia.docx
OpenAlex,W4388625146,10.18297/etd/4145,,2023,,"Swallow, breathing and survival: sex-specific effects of opioids."
OpenAlex,W7167718708,10.5772/intechopen.1015097,,2026,IntechOpen eBooks,Neuroanatomy of Swallowing: Contemporary Insights and Emerging Directions
OpenAlex,W3033407004,10.1016/j.brs.2020.06.003,,2020,Brain stimulation,Localizing central swallowing functions by combining non-invasive brain stimulation with neuroimaging
OpenAlex,W3089241660,10.1113/jp280665,,2020,The Journal of Physiology,"Stimulating ideas for disorders of breathing, speech and swallowing"
OpenAlex,W4389102011,10.1109/sensors56945.2023.10325175,,2023,,Non-Invasive Monitoring of Swallowing Function Using Multi-Channel Auscultation
OpenAlex,W7166342100,10.22141/2224-0586.22.4.2026.2022,,2026,EMERGENCY MEDICINE,"Bulbar syndrome as a manifestation of exacerbation of multiple sclerosis, simulating acute cerebrovascular accident"
OpenAlex,W3214980729,10.6084/m9.figshare.c.4563932.v1,,2019,Figshare,"Supplementary material from ""Neck sensor-supported hyoid bone movement tracking during swallowing"""
OpenAlex,W7125502731,10.1016/j.neurot.2026.e00835,,2026,Neurotherapeutics,Metaplasticity in swallowing system via cross-modal neurostimulation: A randomized crossover trial with magnetoencephalography
OpenAlex,W4407012007,10.1542/pir.2024-006523,,2025,Pediatrics in Review,Pediatric Intestinal Pseudo-Obstruction: A Review
OpenAlex,W7131366094,10.3389/fimmu.2026.1736692,,2026,Frontiers in Immunology,Analysis of adverse drug reactions associated with ravulizumab: a retrospective pharmacovigilance study utilizing the FAERS database
OpenAlex,W7110948423,10.3389/fphar.2025.1497708.s001,,2025,Figshare,Table 1_Adverse events associated with vismodegib: insights from a real-world pharmacovigilance study using the FAERS database.docx
OpenAlex,W7117256292,10.1002/alz70857_102357,,2025,Alzheimer s & Dementia,Bilateral Apraxia of Eyelid Closure in Corticobasal Syndrome
OpenAlex,W7111087496,10.1371/journal.pone.0328371.s005,,2025,Figshare,Drug-related elevated transaminases in FAERS.
OpenAlex,W4403108828,10.69860/nobel.9786053359371.7,,2024,,Brain and Nutrition
OpenAlex,W7127088586,10.1155/jcpt/6688602,,2026,Journal of Clinical Pharmacy and Therapeutics,Evaluating the Real‐World Safety of Ravulizumab in Generalized Myasthenia Gravis: Insights From a Detailed Analysis of FAERS Data
OpenAlex,W4253414311,10.1212/wnl.0000000000005701,,2018,Neurology,What's happening in <i>Neurology</i> <sup>®</sup> <i>Neuroimmunology &amp; Neuroinflammation</i>
OpenAlex,W7127951095,10.37609/akya.3603.c5160,,2025,,"Dil Anatomisi, Tat Organı ve Tat Yolları"
OpenAlex,W4412704538,10.1093/jnen/nlaf050,,2025,Journal of Neuropathology & Experimental Neurology,An autopsy case of facial-onset sensory and motor neuronopathy with central sleep apnea syndrome
OpenAlex,W2990856626,10.1113/ep088283,,2019,Experimental Physiology,Pontine noradrenergic neurons facilitate pulmonary ventilation during hypercapnic stress: fight or flight – and breathe!
OpenAlex,W4241941857,10.1097/00041327-900000000-99193,,2018,Journal of Neuro-Ophthalmology,Monocular Single Saccadic Pulses
OpenAlex,W2997553416,10.7554/elife.53086.sa2,,2019,,Author response: Uncovering the functional anatomy of the human insula during speech
OpenAlex,W7118316828,10.4103/mgr.medgasres-d-25-00089,,2026,Medical Gas Research,Combined hyperbaric oxygen therapy and repetitive transcranial magnetic stimulation in depression and PTSD: future perspectives
OpenAlex,W4411394939,10.3389/fnhum.2025.1636154,,2025,Frontiers in Human Neuroscience,Editorial: Exploring evidence for neurorehabilitation advancements
OpenAlex,W4232266494,10.7554/elife.53086.sa1,,2019,,Decision letter: Uncovering the functional anatomy of the human insula during speech
OpenAlex,W4396637593,10.1016/s0016-5085(24)03415-2,,2024,Gastroenterology,Tu1227 FUNCTIONAL DYSPHAGIA PATIENTS HAVE LESS FAT AND MORE FIBROUS TISSUE IN THE ESOPHAGEAL HIATUS AS COMPARED TO NORMALS: RADIOMIC ANALYSIS STUDY
OpenAlex,W4391228947,10.1186/s12883-024-03532-3,,2024,BMC Neurology,Feasibility of a clinical-radiomics combined model to predict the occurrence of stroke-associated pneumonia
OpenAlex,W4385619882,10.1097/moo.0000000000000918,,2023,Current Opinion in Otolaryngology & Head & Neck Surgery,Advances in and applications of imaging and radiomics in head and neck cancer survivorship
OpenAlex,W4396571304,10.1088/2057-1976/ad4651,,2024,Biomedical Physics & Engineering Express,Developing and validating multi-omics prediction models for late patient-reported dysphagia in head and neck radiotherapy
OpenAlex,W2789570168,10.1016/j.ijrobp.2017.12.146,,2018,International Journal of Radiation Oncology*Biology*Physics,Exploration of an Early Imaging Biomarker of Osteoradionecrosis in Oropharyngeal Cancer Patients: Case-Control Study of the Temporal Changes of Mandibular Radiomics Features
OpenAlex,W4413972079,10.1016/j.jamda.2025.105822,,2025,Journal of the American Medical Directors Association,Ultrasound-based Models for Identifying Sarcopenic Dysphagia: The Key Role of Digastric Muscle
OpenAlex,W2972507267,10.1016/j.ijrobp.2019.06.200,,2019,International Journal of Radiation Oncology*Biology*Physics,Relationship of CT Radiomics and Dose Texture to Radiation-Induced Swallow Dysfunction in Head and Neck Cancer
OpenAlex,W4411982895,10.1016/s0016-5085(25)04086-7,,2025,Gastroenterology,Tu1294: ASSESING FIBROSIS IN THE ESOPHAGEAL HIATUS OF PATIENTS WITH FUNCTIONAL DYSPHAGIA AND EOSINOPHILIC ESOPHAGITIS USING RADIOMICS
OpenAlex,W2921176374,10.1200/cci.18.00058,,2019,JCO Clinical Cancer Informatics,Utility of a Clinical Decision Support System in Weight Loss Prediction After Head and Neck Cancer Radiotherapy
OpenAlex,W7162013358,10.3389/fonc.2026.1830230,,2026,Frontiers in Oncology,Early toxicity prediction using longitudinal cone-beam CT delta-radiomics in HPV-positive oropharyngeal cancer
OpenAlex,W4414190475,10.1136/bmjopen-2025-109094,,2025,BMJ Open,"Flap sparing in postoperative radiotherapy versus standard flap-agnostic radiotherapy of oral cavity cancers (OPTIFLAP): protocol for a de-escalation, randomised, non-inferiority, phase III trial"
OpenAlex,W7160848595,10.1186/s12885-026-15904-8,,2026,BMC Cancer,Involved nodal versus elective neck radiotherapy (INVERT) for head and neck squamous cell carcinoma: a prospective phase II randomized controlled trial protocol
OpenAlex,W7166716366,10.6084/m9.figshare.32836190,,2026,Figshare,WUSTL 2026: Imaging Biomarkers in Head and Neck Cancer
OpenAlex,W7166669689,10.6084/m9.figshare.32836190.v1,,2026,Figshare,WUSTL 2026: Imaging Biomarkers in Head and Neck Cancer
OpenAlex,W7161244379,10.3389/fonc.2026.1859504,,2026,Frontiers in Oncology,Editorial: Advancements in personalized medicine for head and neck cancer: molecular-based approaches to treatment and care
OpenAlex,W2971813254,10.3390/s19183873,,2019,Sensors,Automatic Detection of the Pharyngeal Phase in Raw Videos for the Videofluoroscopic Swallowing Study Using Efficient Data Collection and 3D Convolutional Networks
OpenAlex,W2891001831,10.1007/978-3-030-00919-9_38,,2018,Lecture notes in computer science,Detection of the Pharyngeal Phase in the Videofluoroscopic Swallowing Study Using Inflated 3D Convolutional Networks
OpenAlex,W2102257396,10.1016/j.ijrobp.2010.07.099,,2010,International Journal of Radiation Oncology*Biology*Physics,NTCP Modeling of Dysphagia after Chemo-IMRT for Oropharyngeal Cancer
OpenAlex,W2003967813,10.1007/s00464-012-2751-0,,2013,Surgical Endoscopy,Laparoscopic esophagogastroplasty: a minimally invasive alternative to esophagectomy in the surgical management of megaesophagus with axis deviation
OpenAlex,W1986637646,10.1007/s11739-010-0471-9,,2010,Internal and Emergency Medicine,Beyond gastritis and before cancer: the strange case of Ménétrier’s disease
OpenAlex,W4312308211,10.1109/icpr56361.2022.9956512,,2022,2022 26th International Conference on Pattern Recognition (ICPR),Preprocessing Optimization and Semantic Segmentation for Extraction of Cervical Intervertebral Disks from Videofluorography
OpenAlex,W7162657073,10.2139/ssrn.6829424,,2026,SSRN Electronic Journal,Swallowing Detection from Bilateral In-Ear Audio
OpenAlex,W4396826358,10.1055/s-0044-1786790,,2024,Journal of Pediatric Neurology,"Lissencephaly, Pachygyrias, Band Heterotopias, RELN Pathway, and ARX Mutations (Incomplete Neuron Migration)"
OpenAlex,W2006140536,10.1016/j.meddos.2011.06.004,,2011,Medical dosimetry,Correlation of dosimetric parameters obtained with the analytical anisotropic algorithm and toxicity of chest chemoradiation in lung carcinoma
OpenAlex,W2086422192,10.1007/s12272-012-1215-3,,2012,Archives of Pharmacal Research,Fast disintegrating films containing anastrozole as a dosage form for dysphagia patients
OpenAlex,W7114932150,10.3390/diagnostics15243180,,2025,Diagnostics,Detecting Airway Invasion in Variable-Length Videofluoroscopic Swallowing Studies: A Vision Transformer Approach for Oropharyngeal Dysphagia
OpenAlex,W4311270814,10.1088/1741-2552/acab2f,,2022,Journal of Neural Engineering,A robust HD-sEMG sensor suitable for convenient acquisition of muscle activity in clinical post-stroke dysphagia
OpenAlex,W3001479097,10.1299/mej.19-00076,,2020,Mechanical Engineering Journal,Oral motion classification of the elderly for prevention and rehabilitation of dysphagia
OpenAlex,W4406575322,10.1177/17562864241311130,,2025,Therapeutic Advances in Neurological Disorders,Predictors and lesion patterns of dysphagia and swallowing outcomes after acute intracerebral hemorrhage
OpenAlex,W2790325191,10.1109/aisp.2017.8324095,,2017,,Classification of normal and dysphagia in patients with GERD using swallowing sound analysis
OpenAlex,W2171356272,10.1186/1743-0003-9-34,,2012,Journal of NeuroEngineering and Rehabilitation,Quantitative classification of pediatric swallowing through accelerometry
OpenAlex,W1969384593,10.1186/1475-925x-10-100,,2011,BioMedical Engineering OnLine,Automatic discrimination between safe and unsafe swallowing using a reputation-based classifier
OpenAlex,W1974754982,10.1007/s11517-014-1151-0,,2014,Medical & Biological Engineering & Computing,Noninvasive and automatic diagnosis of patients at high risk of swallowing aspiration
OpenAlex,W2956759609,10.1093/hmg/ddz167,,2019,Human Molecular Genetics,Established PABPN1 intranuclear inclusions in OPMD muscle can be efficiently reversed by AAV-mediated knockdown and replacement of mutant expanded PABPN1
OpenAlex,W2958698017,10.1007/978-3-030-22219-2_37,,2019,Lecture notes in computer science,A Training System for Swallowing Ability by Visualizing the Throat Position
OpenAlex,W3092043078,10.1007/978-3-030-61834-6_24,,2020,Communications in computer and information science,Electrophysiological and Mechanical Approaches to the Swallowing Analysis
OpenAlex,W4414593670,10.1186/s12903-025-06885-4,,2025,BMC Oral Health,Analysis and research on clinical factors and treatment of infection in oral and maxillofacial space infection
OpenAlex,W2626095355,10.1002/mds.27027,,2017,Movement Disorders,Personalized medicine in Parkinson's disease: Time to be precise
OpenAlex,W2996408183,10.1016/j.ajhg.2019.12.001,,2019,The American Journal of Human Genetics,Pathogenic Bi-allelic Mutations in NDUFAF8 Cause Leigh Syndrome with an Isolated Complex I Deficiency
OpenAlex,W4220874841,10.1002/jmv.27742,,2022,Journal of Medical Virology,Refractory hypereosinophilia associated with newly diagnosed rheumatoid arthritis following inactivated BBV152 COVID‐19 vaccine
OpenAlex,W7166330029,10.1177/20552076261465164,,2026,Digital Health,Multi-sensor fusion for differentiating swallows between healthy adults and patients with post-stroke dysphagia
OpenAlex,W7160436570,10.1093/esj/aakag023.529,,2026,European Stroke Journal,ABSTRACT NUMBER: ESOC2026A1046 NON-INVASIVE WEARABLE DEVICE FOR DYSPHAGIA DETECTION IN STROKE PATIENTS: THE WESTRO STUDY
OpenAlex,W2016364090,10.1038/jid.2013.137,,2013,Journal of Investigative Dermatology,Systemic Protein Therapy for Recessive Dystrophic Epidermolysis Bullosa: How Far Are We from Clinical Translation?
OpenAlex,W4313579789,10.4103/aian.aian_848_22,,2023,Annals of Indian Academy of Neurology,ANCA-associated vasculitic neuropathy following Anti-SARS-CoV-2 vaccination: An epiphenomenon or causal association?
OpenAlex,W3017080754,10.1053/j.gastro.2020.03.077,,2020,Gastroenterology,An Unbelievable Esophagus
OpenAlex,W2010983151,10.1038/mtna.2014.57,,2014,Molecular Therapy — Nucleic Acids,Antisense Oligonucleotide-mediated Suppression of Muscle Glycogen Synthase 1 Synthesis as an Approach for Substrate Reduction Therapy of Pompe Disease
OpenAlex,W4405677544,10.1002/jhm.13578,,2024,Journal of Hospital Medicine,The impact of climate change induced natural disasters on healthcare: Rethinking intravenous fluids
OpenAlex,W2081723016,10.1016/j.jpeds.2011.07.033,,2011,The Journal of Pediatrics,Treatment of Upper Airway Obstruction and Feeding Problems in Robin-Like Phenotype
OpenAlex,W4205493674,10.1542/pir.34.12.558,,2013,Pediatrics in Review,Human Metapneumovirus
OpenAlex,W2113645313,10.48550/arxiv.1412.6399,,2014,arXiv (Cornell University),Predictive Modelling of Toxicity Resulting from Radiotherapy Treatments of Head and Neck Cancer
OpenAlex,W2947209393,10.1542/pir.2016-0141,,2019,Pediatrics in Review,Case 1: Progressive Weakness in a Previously Healthy 4-year-old Boy
OpenAlex,W1980043858,10.1053/j.gastro.2011.03.003,,2011,Gastroenterology,Current Status of Endoscopic Ultrasound Guided Ablation Techniques
OpenAlex,W2696435379,10.1299/jsmebio.2016.28._1b14-1_,,2016,Baioenjiniaringu Koenkai koen ronbunshu/Baioenjiniaringu Kouenkai kouen rombunshuu/Ippan Shadan Hojin Nihon Kikai Gakkai Baioenjiniaringu Koenkai,1B14 Fundamental Study of Abnormality Detection during Meals
OpenAlex,W2891329330,10.1016/j.nmd.2018.06.414,,2018,Neuromuscular Disorders,FSHD / OPMD / EDMD / DMI
OpenAlex,W4377103203,10.4103/1673-5374.373711,,2023,Neural Regeneration Research,On the role of RNA binding proteins in polyglutamine diseases: from pathogenesis to therapeutics
OpenAlex,W2185955237,,,2011,,Automatic discrimination between safe and unsafe swallowing using a reputation-based
OpenAlex,W4389007852,10.1096/fasebj.30.1_supplement.lb739,,2016,The FASEB Journal,Comparison of Hypoglossal Motoneuron Transgene Expression following Single vs Dual Tongue Injection of AAV9‐CBA‐GFP
OpenAlex,W3088441124,,,2017,TSpace (University of Toronto),Automatic Segmentation and Classification of Cervical Accelerometry Signals: Towards the Instrumental Detection of Unsafe Swallowing
OpenAlex,W4403837944,10.21203/rs.3.rs-5318884/v1,,2024,Research Square,A comparative study on the influencing factors and risk prediction models for stroke- associated pneumonia in patients with acute ischemic stroke and atrial fibrillation
OpenAlex,W7163528321,10.18103/mra.v14i5.7566,,2026,Medical Research Archives,Facial Adipostructuring in Post-Traumatic Functional Impairment a pilot study
OpenAlex,W7140163168,10.1097/inf.0000000000005221,,2026,The Pediatric Infectious Disease Journal,West Nile Virus Infections in Children: What Clinicians Need to Know
OpenAlex,W4256576179,10.7554/elife.08493.026,,2015,,Decision letter: Nemo-like kinase is a novel regulator of spinal and bulbar muscular atrophy
OpenAlex,W2987328425,10.7554/elife.08493.027,,2015,,Author response: Nemo-like kinase is a novel regulator of spinal and bulbar muscular atrophy
OpenAlex,W2791514042,10.1016/j.neucom.2017.12.059,,2018,Neurocomputing,Deep learning for classification of normal swallows in adults
OpenAlex,W2901546491,10.1007/s10916-018-1115-2,,2018,Journal of Medical Systems,Blood Sugar Level Indication Through Chewing and Swallowing from Acoustic MEMS Sensor and Deep Learning Algorithm for Diabetic Management
OpenAlex,W3082264823,10.1109/embc44109.2020.9176721,,2020,,Deep Learning-Based Swallowing Monitor for Realtime Detection of Swallow Duration
OpenAlex,W3087101646,10.1142/s0129065720500562,,2020,International Journal of Neural Systems,A Swallowing Decoder Based on Deep Transfer Learning: AlexNet Classification of the Intracranial Electrocorticogram
OpenAlex,W3209273516,10.1111/nmo.14290,,2021,Neurogastroenterology & Motility,Deep learning–based artificial intelligence model for identifying swallow types in esophageal high‐resolution manometry
OpenAlex,W4387668986,10.1038/s41598-023-44802-3,,2023,Scientific Reports,Application of deep learning technology for temporal analysis of videofluoroscopic swallowing studies
OpenAlex,W4319456294,10.1007/s11282-023-00669-8,,2023,Oral Radiology,Detection of aspiration from images of a videofluoroscopic swallowing study adopting deep learning
OpenAlex,W3165575012,10.3390/s21113712,,2021,Sensors,Automatic Hyoid Bone Tracking in Real-Time Ultrasound Swallowing Videos Using Deep Learning Based and Correlation Filter Based Trackers
OpenAlex,W2043177623,10.1007/s00455-012-9432-y,,2012,Dysphagia,New Directions for Understanding Neural Control in Swallowing: The Potential and Promise of Motor Learning
OpenAlex,W4388557892,10.1088/2057-1976/ad0bb3,,2023,Biomedical Physics & Engineering Express,Use of deep learning to segment bolus during videofluoroscopic swallow studies
OpenAlex,W4309288415,10.23917/khif.v8i2.16489,,2022,Khazanah Informatika Jurnal Ilmu Komputer dan Informatika,Object Detection to Identify Shapes of Swallow Nests Using a Deep Learning Algorithm
OpenAlex,W4392012929,10.1007/s10278-024-01039-4,,2024,Journal of Imaging Informatics in Medicine,Automatic Tracking of Hyoid Bone Displacement and Rotation Relative to Cervical Vertebrae in Videofluoroscopic Swallow Studies Using Deep Learning
OpenAlex,W4310368832,10.21203/rs.3.rs-2311543/v1,,2022,Research Square,Application of Deep Learning Technology for Temporal Analysis of Videofluoroscopic Swallowing Studies
OpenAlex,W3195827568,10.1007/s10619-021-07360-z,,2021,Distributed and Parallel Databases,Deep learning-based computer aided diagnosis model for skin cancer detection and classification
OpenAlex,W2998134510,10.1016/j.jns.2019.10.362,,2019,Journal of the Neurological Sciences,Deep learning based application for videofluoroscopic swallowing study (VFSS): A pilot study
OpenAlex,W2960879592,10.1001/jamanetworkopen.2019.6972,,2019,JAMA Network Open,Development and Validation of a Deep Learning Algorithm for Mortality Prediction in Selecting Patients With Dementia for Earlier Palliative Care Interventions
OpenAlex,W4404469610,10.1109/access.2024.3501013,,2024,IEEE Access,Distinguishing Resting State From Motor Imagery Swallowing Using EEG and Deep Learning Models
OpenAlex,W4404316895,10.1109/jtehm.2024.3497895,,2024,IEEE Journal of Translational Engineering in Health and Medicine,Elevating Patient Care With Deep Learning: High-Resolution Cervical Auscultation Signals for Swallowing Kinematic Analysis in Nasogastric Tube Patients
OpenAlex,W3118545158,10.1016/j.artmed.2020.102006,,2021,Artificial Intelligence in Medicine,A deep-learning-based unsupervised model on esophageal manometry using variational autoencoder
OpenAlex,W4310793398,10.1109/wincom55661.2022.9966474,,2022,,Gastrointestinal diseases classification based on deep learning and transfer learning mechanism
OpenAlex,W2787854324,10.1109/apsipa.2017.8282161,,2017,,Swallowing function evaluation using deep-learning-based acoustic signal processing
OpenAlex,W4200312906,10.32604/csse.2022.021698,,2021,Computer Systems Science and Engineering,Automated Deep Learning Based Cardiovascular Disease Diagnosis Using ECG Signals
OpenAlex,W4414817035,10.1007/s11548-025-03505-y,,2025,International Journal of Computer Assisted Radiology and Surgery,Advancing modified barium swallow pre-sorting with deep learning: a new paradigm for the first step analysis in X-ray swallowing study
OpenAlex,W4225130383,10.1016/j.iot.2022.100539,,2022,Internet of Things,A deep learning-based cow behavior recognition scheme for improving cattle behavior modeling in smart farming
OpenAlex,W3166133440,10.1016/j.cmpb.2021.106212,,2021,Computer Methods and Programs in Biomedicine,Deep learning for tracing esophageal motility function over time
OpenAlex,W4224882656,10.1016/j.measurement.2022.111226,,2022,Measurement,An automated deep learning enabled brain signal classification for epileptic seizure detection on complex measurement systems
OpenAlex,W3081896661,10.1109/embc44109.2020.9176664,,2020,,Automated Bolus Detection in Videofluoroscopic Images of Swallowing Using Mask-RCNN
OpenAlex,W4385208522,10.1016/j.aej.2023.07.038,,2023,Alexandria Engineering Journal,IoT enabled healthcare environment using intelligent deep learning enabled skin lesion diagnosis model
OpenAlex,W4221067197,10.1111/1460-6984.12712,,2022,International Journal of Language & Communication Disorders,Automated assessment of hyoid movement during normal swallow using ultrasound
OpenAlex,W3195607837,10.1016/j.media.2021.102218,,2021,Medical Image Analysis,Automatic annotation of cervical vertebrae in videofluoroscopy images via deep learning
OpenAlex,W3156966648,10.1109/iecbes48179.2021.9398730,,2021,,Electrooculography-based Eye Movement Classification using Deep Learning Models
OpenAlex,W4200416949,10.1016/j.artmed.2021.102233,,2021,arXiv (Cornell University),A multi-stage machine learning model on diagnosis of esophageal manometry
OpenAlex,W4283829123,10.1177/15330338221105724,,2022,Technology in Cancer Research & Treatment,Evaluating Automatic Segmentation for Swallowing-Related Organs for Head and Neck Cancer
OpenAlex,W4312442791,10.12786/bn.2022.15.e26,,2022,Brain & Neurorehabilitation,Use of Machine Learning in Stroke Rehabilitation: A Narrative Review
OpenAlex,W2972477350,10.1109/bhi.2019.8834506,,2019,,DeepDDK: A Deep Learning based Oral-Diadochokinesis Analysis Software
OpenAlex,W4404406251,10.1016/j.cmpb.2024.108505,,2024,Computer Methods and Programs in Biomedicine,Recent advancements and future directions in automatic swallowing analysis via videofluoroscopy: A review
OpenAlex,W4398137240,10.3389/fnagi.2024.1397896,,2024,Frontiers in Aging Neuroscience,An automated hybrid approach via deep learning and radiomics focused on the midbrain and substantia nigra to detect early-stage Parkinson’s disease
OpenAlex,W3173183426,10.3390/jcm10122681,,2021,Journal of Clinical Medicine,Reliability of Machine and Human Examiners for Detection of Laryngeal Penetration or Aspiration in Videofluoroscopic Swallowing Studies
OpenAlex,W3214671691,10.1016/j.cmpb.2022.107058,,2022,Computer Methods and Programs in Biomedicine,Automated pharyngeal phase detection and bolus localization in videofluoroscopic swallowing study: Killing two birds with one stone?
OpenAlex,W4296311489,10.1016/j.csite.2022.102420,,2022,Case Studies in Thermal Engineering,A deep learning algorithm with smart-sized training data for transient thermal performance prediction
OpenAlex,W4224080088,10.3390/pharmaceutics14040859,,2022,Pharmaceutics,Puzzle out Machine Learning Model-Explaining Disintegration Process in ODTs
OpenAlex,W2969640511,10.1109/cvprw.2019.00023,,2019,,Automated Segmentation of the Vocal Folds in Laryngeal Endoscopy Videos Using Deep Convolutional Regression Networks
OpenAlex,W4310599371,10.1111/nmo.14506,,2022,Neurogastroenterology & Motility,Artificial intelligence facilitates measuring reflux episodes and postreflux swallow‐induced peristaltic wave index from impedance‐pH studies in patients with reflux disease
OpenAlex,W4285394496,10.3390/s22145227,,2022,Sensors,Automated Chicago Classification for Esophageal Motility Disorder Diagnosis Using Machine Learning
OpenAlex,W2754924844,10.1109/compsac.2017.14,,2017,,A Deep-Learning-Based Method of Estimating Water Intake
OpenAlex,W1998693170,10.1353/aad.2011.0003,,2011,American annals of the deaf,Editorial: Waist Deep in the Big Muddy: The Individuals with Disabilities Education Act (IDEA) and No Child Left Behind (NCLB)
OpenAlex,W4200384958,10.1109/embc46164.2021.9629562,,2021,2021 43rd Annual International Conference of the IEEE Engineering in Medicine &amp; Biology Society (EMBC),The effect of time on the automated detection of the pharyngeal phase in videofluoroscopic swallowing studies
OpenAlex,W4410999869,10.1007/s00455-025-10833-3,,2025,Dysphagia,Use of Transfer Learning for the Automated Segmentation and Detection of Swallows via Digital Cervical Auscultation in Children
OpenAlex,W2899031009,10.1145/3236024.3280855,,2018,,Behind every great deep learning framework is an even greater programming languages concept (keynote)
OpenAlex,W4213457383,10.32604/cmc.2022.024367,,2022,"Computers, materials & continua/Computers, materials & continua (Print)",Optimal Deep Learning Based Inception Model for Cervical Cancer Diagnosis
OpenAlex,W3174808760,10.1201/9781003167488-49,,2021,,Deep learning models for anomaly detection in wireless capsule endoscopy video frames: The transfer learning approach
OpenAlex,W4225301663,10.1109/dasa54658.2022.9765046,,2022,2022 International Conference on Decision Aid Sciences and Applications (DASA),Machine Vision Recognition System of Edible and Poisonous Mushrooms Using a Small Training Set-Based Deep Transfer Learning
OpenAlex,W4205448632,10.3390/s22010253,,2021,Sensors,Integrated Relaxation Pressure Classification and Probe Positioning Failure Detection in High-Resolution Esophageal Manometry Using Machine Learning
OpenAlex,W3209674764,10.1007/978-3-030-89880-9_57,,2021,Lecture notes in networks and systems,Lesion2Vec: Deep Meta Learning for Few-Shot Lesion Recognition in Capsule Endoscopy Video
OpenAlex,W4224911251,10.1016/j.displa.2022.102206,,2022,Displays,Hyperparameter optimization based deep convolution neural network model for automated bone age assessment and classification
OpenAlex,W2993754581,10.1109/bracis.2019.00102,,2019,,A Deep Learning Approach to Detect Hyoid Bone in Ultrasound Exam
OpenAlex,W4405489409,10.1109/embc53108.2024.10782280,,2024,,Swallowing Assessment using High-Resolution Cervical Auscultations and Transformer-based Neural Networks
OpenAlex,W4322625310,10.1002/cpe.7661,,2023,Concurrency and Computation Practice and Experience,Binary swallow swarm optimization with convolutional neural network brain tumor classifier for magnetic resonance imaging images
OpenAlex,W3118625669,10.48550/arxiv.2101.04240,,2021,arXiv (Cornell University),Lesion2Vec: Deep Metric Learning for Few-Shot Multiple Lesions Recognition in Wireless Capsule Endoscopy Video
OpenAlex,W4415215591,10.1016/j.scitotenv.2025.180709,,2025,The Science of The Total Environment,Water level forecasting in coastal cities using a hybrid deep learning approach
OpenAlex,W4366307830,10.1109/ictai56018.2022.00169,,2022,,Deep Learning Assisted Mouth-Esophagus Passage Time Estimation During Gastroscopy
OpenAlex,W4401109990,10.1109/melecon56669.2024.10608683,,2024,,Enhancing Intake Monitoring: Transfer Learning for Audio-Based Detection of Swallowing Events
OpenAlex,W4379875041,10.1109/iciccs56967.2023.10142708,,2023,,Wireless Capsule Endoscopic Image Classification using Seeker Optimization Algorithm with Deep Learning Model
OpenAlex,W2030151831,10.1097/ppo.0b013e31828aab61,,2013,The Cancer Journal,Robotic Thyroidectomy and Neck Dissection
OpenAlex,W4400970065,10.1177/20552076241264640,,2024,Digital Health,Exploratory analysis of swallowing behaviour in community-dwelling older adults using a wearable device: Differences by age and ingestant under different task loads
OpenAlex,W4386194002,10.1007/978-3-031-42455-7_1,,2023,Studies in big data,Predicting Sleep-Disordered Breathing Using Deep Learning Algorithms
OpenAlex,W4382138695,10.1177/20552076231183548,,2023,Digital Health,Research on a real-time dynamic monitoring method for silent aspiration after stroke based on semisupervised deep learning: A protocol study
OpenAlex,W4405489393,10.1109/embc53108.2024.10782457,,2024,,Optimizing Modified Barium Swallow Exam Workflow: Automating Pre-Analysis Video Sorting in Swallowing Function Assessment
OpenAlex,W4414142306,10.1007/s00455-025-10879-3,,2025,Dysphagia,Using Machine Learning for the Automated Segmentation and Detection of Swallows Obtained by Digital Cervical Auscultation in Preterm Neonates
OpenAlex,W3175608488,10.1016/j.artmed.2021.102233,,2021,Artificial Intelligence in Medicine,A multi-stage machine learning model for diagnosis of esophageal manometry
OpenAlex,W4388893539,10.1109/euvip58404.2023.10323061,,2023,,FEES-IS: Real-time Instance Segmentation of Flexible Endoscopic Evaluation of Swallowing
OpenAlex,W4312446785,10.1007/978-3-031-20470-8_24,,2022,Lecture notes in computer science,GymSlug: Deep Reinforcement Learning Toward Bio-inspired Control Based on Aplysia californica Feeding
OpenAlex,W4386844382,10.31893/multiscience.2023ss0108,,2023,Multidisciplinary Science Journal,Spoken emotion recognition through human-computer interaction using a novel deep learning technology
OpenAlex,W4223992509,10.1177/1063293x221080518,,2022,Concurrent Engineering,Computer-aided diagnosis for breast cancer detection and classification using optimal region growing segmentation with MobileNet model
OpenAlex,W2910152119,,,2018,Virtual Community of Pathological Anatomy (University of Castilla La Mancha),Can advanced machine learning techniques help to reconstruct barn swallows’ long-distance migratory paths?
OpenAlex,W4389003253,10.1016/j.ibmed.2023.100131,,2023,Intelligence-Based Medicine,A cascade deep learning model for diagnosing pharyngeal acid reflux episodes using hypopharyngeal multichannel intraluminal Impedance-pH signals
OpenAlex,W4412445147,10.1109/airc64931.2025.11077551,,2025,,Deep Learning for Lung Cancer Prediction: Performance &amp; Explainability Analysis
OpenAlex,W4392052251,10.3390/diagnostics14050474,,2024,Diagnostics,Polypoid Lesion Segmentation Using YOLO-V8 Network in Wireless Video Capsule Endoscopy Images
OpenAlex,W3089379793,10.1109/icip40778.2020.9190792,,2020,,Ensemble Of Deep Cascades For Detection Of Laryngeal Adductor Reflex Events In Endoscopy Videos
OpenAlex,W4309607309,10.3390/diagnostics12112811,,2022,Diagnostics,Tongue Contour Tracking and Segmentation in Lingual Ultrasound for Speech Recognition: A Review
OpenAlex,W4285347357,10.1109/aipr52630.2021.9762216,,2021,,Multi-Modal and Multi-Scale Oral Diadochokinesis Analysis using Deep Learning
OpenAlex,W4412405632,10.1109/otcon65728.2025.11070632,,2025,,Evaluating Deep Neural Networks for Oral Cancer Prediction: A Study Using ResNet50 and DenseNet121
OpenAlex,W4401990677,10.1109/tmc.2024.3450919,,2024,IEEE Transactions on Mobile Computing,<i>SipDeep:</i> Swallowing-Based Transparent Authentication via Bone-Conducted In-Ear Acoustics
OpenAlex,W4396639991,10.48550/arxiv.2405.01126,,2024,arXiv (Cornell University),Detecting and clustering swallow events in esophageal long-term high-resolution manometry
OpenAlex,W4233967643,10.26226/morressier.5e8335ba7cb08a046ef7c5f5,,2020,,Swallow Tail Sign Prediction using Deep Learning
OpenAlex,W4387207151,10.1016/j.ijrobp.2023.06.2027,,2023,International Journal of Radiation Oncology*Biology*Physics,Deep Learning Based Prognostic Prediction in Oropharyngeal Cancer Patients Using Multiparametric MRI Inputs
OpenAlex,W4412406061,10.1109/iccsai64074.2025.11063769,,2025,,White Light Medical Image Based Oral Cancer Diagnosis Using an Ensemble Deep Learning Model
OpenAlex,W4410997302,10.1007/s41666-025-00201-z,,2025,Journal of Healthcare Informatics Research,Novel Videographic-Free Framework for Tracking Anatomical Structures Using Swallowing Accelerometer Signals and Multi-task Transformers
OpenAlex,W4226291538,10.32604/cmc.2022.024764,,2022,"Computers, materials & continua/Computers, materials & continua (Print)",Feature Selection with Optimal Stacked Sparse Autoencoder for Data Mining
OpenAlex,W4385253808,10.1007/978-3-031-32879-4_3,,2023,,Unsupervised Learning
OpenAlex,W4376624916,10.1109/itsis56166.2022.10118381,,2022,,"Computer-aided diagnosis of polyps, ulcer and bleeding on wireless capsule endoscopy images using deep learning: a systematic review"
OpenAlex,W4381851072,10.1299/jsmebiofro.2022.33.2a08,,2022,Baiofurontia Kouenkai kouen rombunshuu/Baiofurontia Koenkai koen ronbunshu,Detection of airway invasion by Videofluorographic Swallowing Study using deep-learning
OpenAlex,W4389911560,10.48550/arxiv.2312.09429,,2023,ArXiv.org,Deep Learning-Enabled Swallowing Monitoring and Postoperative Recovery Biosensing System
OpenAlex,W3038127948,10.1016/j.nic.2020.04.002,,2020,Neuroimaging Clinics of North America,Technical Improvements in Head and Neck MR Imaging
OpenAlex,W4417004662,10.1038/s41598-025-30913-6,,2025,Scientific Reports,An efficient dimensionality reduction framework using metaheuristic optimization with deep learning models for amyotrophic lateral sclerosis disease progression prediction
OpenAlex,W2776673992,10.1109/gcce.2017.8229307,,2017,,Deep learning-based water-intake estimation method using second half of swallowing sound
OpenAlex,W4391340243,10.1038/s41598-024-52899-3,,2024,Scientific Reports,Author Correction: Application of deep learning technology for temporal analysis of videofluoroscopic swallowing studies
OpenAlex,W7161764751,10.64898/2026.05.16.26353385,,2026,medRxiv,Automated identification of bolus types in modified barium swallow studies using deep learning: a preliminary study
OpenAlex,W2529263233,10.4300/jgme-d-16-00396.1,,2016,Journal of Graduate Medical Education,A Mile Wide but 1 Cell Thick: The Need to Prioritize Learning in Graduate Medical Education
OpenAlex,W7141684916,10.1016/j.apmr.2026.03.016,,2026,Archives of Physical Medicine and Rehabilitation,Assessing the Performance and Reliability of Deep Learning Autosegmentation in Videofluoroscopic Swallowing Studies: A Systematic Review and Meta-analysis
OpenAlex,W7153241658,10.14445/23488379/ijeee-v13i3p103,,2026,International Journal of Electrical and Electronics Engineering,Adaptive Hybrid Swallow Search Optimized Hybrid Deep Learning Model for Energy Demand Forecasting
OpenAlex,W7151507359,10.47416/apjod.25-0014,,2026,Asian Pacific Journal of Dentistry,Four-dimensional analysis of swallowing based on hyoid bone kinematics using deep learning-based automatic segmentation
OpenAlex,W4408113897,10.1007/s11277-024-11729-5,,2025,Wireless Personal Communications,An Efficient Lie Detection with Movement Tracks of Larynx and Eye Flutters During Interrogation Using Machine Learning and Deep-Computing
OpenAlex,W4404294747,10.1109/m2vip62491.2024.10746125,,2024,,"A Conceptual Framework for a Real-Time, Deep Learning Model to Estimate In vitro Chewing Cycles Required for Safe Swallowing"
OpenAlex,W4379646224,10.1117/12.2679409,,2023,,Video-TransUNet: temporally blended vision transformer for CT VFSS instance segmentation
OpenAlex,W2989585863,10.1109/iccvw.2019.00051,,2019,,Using the Triplet Loss for Domain Adaptation in WCE
OpenAlex,W2105932465,10.1002/hep.27210,,2014,Hepatology,Hepatic encephalopathy in chronic liver disease: 2014 Practice Guideline by the American Association for the Study Of Liver Diseases and the European Association for the Study of the Liver
OpenAlex,W4304775687,10.1002/cpe.7341,,2022,Concurrency and Computation Practice and Experience,Early detection and classification of liver diseases in ultrasound images using hybrid machine learning techniques
OpenAlex,W4404147821,10.1021/acsami.4c12852,,2024,ACS Applied Materials & Interfaces,"Highly Elastic, Fatigue-Resistant, and Antifreezing MXene Functionalized Organohydrogels as Flexible Pressure Sensors for Human Motion Monitoring"
OpenAlex,W4320011367,10.2139/ssrn.4322198,,2023,SSRN Electronic Journal,"Data Is What Data Does: Regulating Use, Harm, and Risk Instead of Sensitive Data"
OpenAlex,W4391896879,10.2196/56245,,2024,JMIR Biomedical Engineering,Investigation of Deepfake Voice Detection Using Speech Pause Patterns: Algorithm Development and Validation
OpenAlex,W4206023389,10.1101/2021.12.30.474418,,2021,bioRxiv (Cold Spring Harbor Laboratory),Efficient and Explainable Deep Neural Networks for Airway Symptom Detection in Support of Wearable Health Technology
OpenAlex,W4214527019,10.1016/j.compbiomed.2022.105339,,2022,Computers in Biology and Medicine,LARNet-STC: Spatio-temporal orthogonal region selection network for laryngeal closure detection in endoscopy videos
OpenAlex,W3082013439,10.1109/embc44109.2020.9176149,,2020,,Orthogonal Region Selection Network for Laryngeal Closure Detection in Laryngoscopy Videos
OpenAlex,W2415594994,10.1097/moo.0000000000000163,,2015,Current Opinion in Otolaryngology & Head & Neck Surgery,Teaching laryngeal endoscopy skills to speech and language therapists
OpenAlex,W4224001425,10.1117/12.2611541,,2022,,Oral cavity anatomical site image classification and analysis
OpenAlex,W4200601136,10.1515/cdbme-2021-2002,,2021,Current Directions in Biomedical Engineering,BODYTUNE: Multi Auscultation Device – Personal Health Parameter Monitoring at Home
OpenAlex,W4385350605,10.3758/s13428-023-02171-9,,2023,Behavior Research Methods,An open-source toolbox for measuring vocal tract shape from real-time magnetic resonance images
OpenAlex,W2607327908,10.1086/692559,,2017,Afterall A Journal of Art Context and Enquiry,"Fish, Kin and Hope: Tending to Water Violations in <i>amiskwaciwâskahikan</i> and Treaty Six Territory"
OpenAlex,W3160948084,10.1016/j.bspc.2021.102734,,2021,Biomedical Signal Processing and Control,Attention graph convolutional nets for esophageal contraction pattern recognition in high-resolution manometries
OpenAlex,W4405710094,10.1109/biocas61083.2024.10798350,,2024,,A Lightweight CNN for Detail Enhancement and Color Correction of Low-Light Capsule Endoscopy
OpenAlex,W2052721002,10.5296/ijld.v2i2.1400,,2012,International Journal of Learning and Development,Effect of Question Structure on College Students’ Electronic Reflection Outcomes: A Case Study
OpenAlex,W4405352094,10.1101/2024.12.12.24318964,,2024,medRxiv,Segmentation of the Human Tongue Musculature Using MRI: Field Guide and Validation in Motor Neuron Disease
OpenAlex,W4292422996,10.48550/arxiv.2208.08315,,2022,arXiv (Cornell University),Video-TransUNet: Temporally Blended Vision Transformer for CT VFSS Instance Segmentation
OpenAlex,W4411505970,10.18621/eurj.1677704,,2025,The European Research Journal,Artificial intelligence in assessment and intervention of speech and language disorders: A literature review
OpenAlex,W4413968330,10.1007/s11831-025-10368-8,,2025,Archives of Computational Methods in Engineering,Integration of Artificial Intelligence in Laryngeal Cancer Diagnosis and Prognosis: A Comparative Analysis Bridging Traditional Medical Practices with Modern Computational Techniques
OpenAlex,W1490955025,10.1002/tea.21202,,2015,Journal of Research in Science Teaching,Bridging science education and science communication research
OpenAlex,W4389010821,10.1007/978-3-031-49018-7_49,,2023,Lecture notes in computer science,Facial Point Graphs for Stroke Identification
OpenAlex,W2796952566,10.1558/hscc.34299,,2018,Health and Social Care Chaplaincy,"“I’m Being Swallowed Up by This Illness, So Much Pain Deep Inside”"
OpenAlex,W4386763706,10.1109/ictis60134.2023.10243951,,2023,,A CNN-based Method for Multisensor and Multiscale Fault Diagnosis of Marine Electric Thruster Bearings under Noise Conditions
OpenAlex,W1576535165,10.2307/j.ctv17hm7wb,,2020,Ohio State University Press eBooks,Literature and Identity in The Golden Ass of Apuleius
OpenAlex,W4409055921,10.1016/j.apmr.2025.01.075,,2025,Archives of Physical Medicine and Rehabilitation,Automated Penetration-aspiration Scale Scoring with Deep Learning
OpenAlex,W7165288368,,,2026,OSF Preprints (OSF Preprints),USE OF ARTIFICIAL INTELLIGENCE IN THE ASSESSMENT OF LIQUID CONSISTENCY IN SWALLOWING: A SCOPING REVIEW
OpenAlex,W4414656366,10.1038/s41598-025-09035-6,,2025,Scientific Reports,Species habitat modeling based on image semantic segmentation
OpenAlex,W3160504006,10.5426/larynx.32.165,,2020,Koutou (THE LARYNX JAPAN),The Analysis and Decoding of Swallowing-related Neural Activities Using Intracranial Electrodes
OpenAlex,W4409189477,10.1007/s00261-025-04890-3,,2025,Abdominal Radiology,Diagnostic value of combining ultrafast cine MRI and morphological measurements on gastroesophageal reflux disease
OpenAlex,W4387730845,10.1080/03772063.2023.2265883,,2023,IETE Journal of Research,A Novel Adaptive Swallow Swarm Optimisation Method for Medical Image Segmentation in Brain MRI Using Machine Learning
OpenAlex,W7155384811,10.1109/icoeca68095.2026.11485137,,2026,,Thyroid Cancer Detection using Deep Learning Algorithms
OpenAlex,W4402821072,10.1515/cdbme-2024-0117,,2024,Current Directions in Biomedical Engineering,Automated Detection of Palatal Deformations Using Deep Learning on Endoscopic Images
OpenAlex,W7167661949,10.1016/j.procs.2026.06.582,,2026,Procedia Computer Science,A Synergistic Deep Learning and Fuzzy Logic Framework for Medical Diagnostics
OpenAlex,W4408258675,10.1109/tencon61640.2024.10903045,,2024,,Detection of Esophageal Wall via Deep Learning-Based Object Detection with Ultrasound System
OpenAlex,W4210685276,10.31234/osf.io/y6xde,,2021,,An open-source toolbox for measuring vocal tract shape from real-time magnetic resonance images
OpenAlex,W2067980969,10.5209/rev_psic.2012.v9.n1.39141,,2012,Psicooncología,Relación entre el aprendizaje de la voz erigmofónica y los niveles de ansiedad y de depresión en pacientes laringectomizados totales
OpenAlex,W7163156155,10.1007/s00455-026-10956-1,,2026,Dysphagia,Deep Learning–Based Acoustic Screening for Penetration–Aspiration Events Using Short Voice Recordings
OpenAlex,W4392960864,10.1007/978-3-031-56075-0_19,,2024,Lecture notes in networks and systems,Utilizing New Technologies for Children with Communication and Swallowing Disorders: A Systematic Review
OpenAlex,W4415125640,10.1109/icisc65841.2025.11187552,,2025,,Deep Learning based Goiter Detection and Classification for Automated Severity Assessment
OpenAlex,W4407202356,10.5426/larynx.36.110,,2024,Koutou (THE LARYNX JAPAN),A Flexible Endoscopic Evaluation of Swallowing with an Artificial Intelligence-assisted Computer-aided Diagnosis
OpenAlex,W3183381792,10.32469/10355/84271,,2020,,Deep learning based solutions to biomedical image analysis problems of the upper aerodigestive tract
OpenAlex,W4386712834,10.54254/2755-2721/6/20230721,,2023,Applied and Computational Engineering,A deep learning assisted web application tool for diagnosing communication disorder in children
OpenAlex,W7127447936,10.1007/s10278-026-01845-y,,2026,Journal of Imaging Informatics in Medicine,Detection of Swallowing Abnormalities in Pediatric FEES Recordings Using Rule-Based and Model-Based Methods
OpenAlex,W4412108663,10.2139/ssrn.5339749,,2025,SSRN Electronic Journal,Detection of Swallowing Abnormalities in Pediatric Fees Recordings Using Rule-Based and Model-Based Methods
OpenAlex,W4416367963,10.1109/cme67420.2025.11239347,,2025,,A CNN-LSTM Hybrid Model for Estimation of Swallowing Based on Larynx sEMG
OpenAlex,W4416913293,10.1038/s43856-025-01255-1,,2025,Communications Medicine,A deep learning-based approach to enhance accuracy and feasibility of long-term high-resolution manometry examinations
OpenAlex,W7128769405,10.1109/icuis67429.2025.11380762,,2025,,A Comprehensive Study of Machine Learning and Deep Learning Techniques for Thyroid Cancer Classification
OpenAlex,W4415146439,10.1007/978-981-96-7292-9_12,,2025,Lecture notes in networks and systems,Enhancing Sericulture Automation: Cocoon Classification via Image Processing and Deep Learning (CNN)
OpenAlex,W4417347049,10.1021/acsapm.5c03534,,2025,ACS Applied Polymer Materials,Ultraelastic Ionic-Conductive Hydrogel Pressure Sensor with Nano-Interpenetrating Networks for Fruit Classification
OpenAlex,W4390845574,10.17762/ijritcc.v11i9.9340,,2023,International Journal on Recent and Innovation Trends in Computing and Communication,RCNN with Swallow Swarm Optimization for Liver Disease Detection and Classification
OpenAlex,W7133688676,10.48550/arxiv.2603.03350,,2026,Open MIND,Automated Measurement of Geniohyoid Muscle Thickness During Speech Using Deep Learning and Ultrasound
OpenAlex,W4385255803,10.1007/978-3-031-32879-4_2,,2023,,Supervised Learning
OpenAlex,W7134017316,,,2026,arXiv (Cornell University),Automated Measurement of Geniohyoid Muscle Thickness During Speech Using Deep Learning and Ultrasound
OpenAlex,W4406610385,10.1109/access.2025.3532090,,2025,IEEE Access,A Hybrid Efficient U-Net Framework for Detection of Anterior Belly of the Digastric Muscle on Ultrasonography
OpenAlex,W4393197097,10.2139/ssrn.4772603,,2024,SSRN Electronic Journal,Detection of Tongue Anomalies Using Convolutional Neural Networks
OpenAlex,W4385545324,10.58530/2022/4328,,2023,"Proceedings on CD-ROM - International Society for Magnetic Resonance in Medicine. Scientific Meeting and Exhibition/Proceedings of the International Society for Magnetic Resonance in Medicine, Scientific Meeting and Exhibition",Axial T2-weighted MR imaging of the cervical spine using PROPELLER with deep learning reconstruction to improve image quality
OpenAlex,W4416198739,10.1007/s12194-025-00984-1,,2025,Radiological Physics and Technology,Automatic measurement of pharyngeal contraction ratio during deglutition using 2D cine MRI with deep learning: A pilot study
OpenAlex,W7154657457,,,2025,Research Padua  Archive (University of Padua),A Multivariate Deep-Learning Approach for Stratifying Amyotrophic Lateral Sclerosis Patients Based on Temporal Dynamics
OpenAlex,W7126098140,10.2139/ssrn.6072488,,2026,SSRN Electronic Journal,Non-Invasive Aspiration Detection from Multimodal Swallowing Signals with Class Description Text-Guided Prototype Alignment
OpenAlex,W2022210409,10.1111/j.1749-4486.2012.02525.x,,2012,Clinical Otolaryngology,Transoral robotic surgery for the resection of parapharyngeal tumour: Our experience in ten patients
OpenAlex,W7155527150,10.1134/s0005117925600703,,2025,Automation and Remote Control,Advancing Connected Vehicle Security Using Advanced Deep Learning and Optimized Feature Selection for Intrusion Detection
OpenAlex,W4226438972,10.48550/arxiv.2111.04699,,2021,arXiv (Cornell University),Automated pharyngeal phase detection and bolus localization in videofluoroscopic swallowing study: Killing two birds with one stone?
OpenAlex,W4412936420,10.1038/s43856-025-01053-9,,2025,Communications Medicine,Gated recurrent unit with decay has real-time capability for postoperative ileus surveillance and offers cross-hospital transferability
OpenAlex,W7117321973,10.23880/oajda-16000163,,2025,Open Access Journal of Data Science and Artificial Intelligence,Integrated Multimodal Deep Learning Framework for Early Detection of Mouth Cancer Using CT Imaging and Clinical Symptom Analysis
OpenAlex,W4408042099,10.52783/jisem.v10i12s.1944,,2025,Journal of Information Systems Engineering & Management,Secure and Efficient Cloud Data Retrieval Using Privacy-Preserved Hybrid CRNN with Swallow Swarm Optimization
OpenAlex,W7112655106,,,2025,Lume (Universidade Federal do Rio Grande do Sul),Artificial Intelligence-based applications used for swallowing analysis : scoping review
OpenAlex,W4206668593,10.1542/pir.36.8.341,,2015,Pediatrics in Review,Worm Infections in Children
OpenAlex,W4387860456,10.61173/nc7fkr37,,2023,MedScien,A Comparative Study of Deep Learning Approaches for Amyotrophic Lateral Sclerosis Super-Resolution Image Classification
OpenAlex,W7166172239,10.1136/gutjnl-2026-iddf.370,,2026,Clinical Gastroenterology,IDDF2026-ABS-0539 A deep learning model for rapid and accurate classification of esophageal motility disorders from high-resolution manometry images
OpenAlex,W2994571533,,,2017,UKnowledge (University of Kentucky),Baby Snake Swallows Whale: Impacts and Insights from Winthrop’s Recent ILS Migration
OpenAlex,W7131120487,10.1109/smart66937.2025.11389683,,2025,,Blockchain-Enabled IoMT and Deep Learning Framework for Accurate Lung Cancer Detection and Risk Factor Evaluation
OpenAlex,W4389138286,10.1016/j.bjae.2023.10.005,,2023,BJA Education,Neuromuscular block management: evidence-based principles and practice
OpenAlex,W7157515950,,,2025,HAL (Le Centre pour la Communication Scientifique Directe),Deep learning pour l'amélioration de signaux vocaux dans un contexte de radio-communications avec des dispositifs de captation sonore non conventionnels
OpenAlex,W3123749673,10.2139/ssrn.3360192,,2019,SSRN Electronic Journal,A Bitter Pill to Swallow? The Consequences of Patient Evaluation in Online Health Q&amp;amp;A Platforms
OpenAlex,W2622384139,10.1016/j.jcrs.2017.04.026,,2017,Journal of Cataract & Refractive Surgery,Single sick swallow does not make a summer: Femtosecond laser–assisted cataract surgery versus standard phacoemulsification
OpenAlex,W7150875829,10.1097/moo.0000000000001126,,2026,Current Opinion in Otolaryngology & Head & Neck Surgery,Optimizing voice therapy interventions: the application of the principles of motor learning in clinical practice.
OpenAlex,W4404457998,10.1080/0954898x.2024.2426580,,2024,Network Computation in Neural Systems,Kruskal Szekeres generative adversarial network augmented deep autoencoder for colorectal cancer detection
OpenAlex,W7124144287,10.1007/978-3-032-08246-6_11,,2026,Lecture notes in networks and systems,The Impact of Machine Learning in Esophageal Cancer Classification: Evaluating the Effectiveness of Different Approaches
OpenAlex,W4288410917,10.5281/zenodo.3841957,,2019,Digital Collections portal (Koç University),Use of Transfer Learning for Automatic Dietary Monitoring through Throat Microphone Recordings
OpenAlex,W3191749882,,,2021,,OMUI-HML: An optimal malicious URL detection and classification using hybrid machine learning technique
OpenAlex,W3035296746,10.1213/ane.0000000000004739,,2020,Anesthesia & Analgesia,Does Sugammadex Reduce Postoperative Airway Failure?
OpenAlex,W4385428343,10.1242/jeb.245017,,2023,Journal of Experimental Biology,Learning how Rice's whales eat might save them
OpenAlex,W1982865404,10.1353/sew.2011.0014,,2011,The Sewanee review,Minding One's Own Business
OpenAlex,W4385247754,10.1007/978-3-031-32879-4_1,,2023,,Introduction
OpenAlex,W2781139811,,,2017,Education next,Pacesetter in Personalized Learning: Summit Charter Network Shares Its Model Nationwide
OpenAlex,W4220876122,10.1525/hsns.2022.52.1.143,,2022,Historical Studies in the Natural Sciences,How to “Be Expert” in Early Modern Europe
OpenAlex,W4388701317,10.3389/fnins.2023.1322091,,2023,Frontiers in Neuroscience,Editorial: Insights into the use of deep brain stimulation as a treatment for Parkinson's disease and related conditions
OpenAlex,W4411091731,10.3390/s25123584,,2025,Sensors,Method for Estimating Amount of Saliva Secreted Using a Throat Microphone
OpenAlex,W4281553070,10.1097/hrp.0000000000000341,,2022,Harvard Review of Psychiatry,Neuromodulation Using Computer-Altered Music to Treat a Ten-Year-Old Child Unresponsive to Standard Interventions for Functional Neurological Disorder
OpenAlex,W4406244161,10.1111/scd.13090,,2025,Special Care in Dentistry,Psychological interventions for gagging: Implications for dental practice
OpenAlex,W4396694583,10.1016/j.otc.2024.04.002,,2024,Otolaryngologic Clinics of North America,"Artificial Intelligence in Laryngology, Broncho-Esophagology, and Sleep Surgery"
OpenAlex,W2904343622,10.1097/01.eem.0000550365.44330.de,,2018,Emergency Medicine News,InFocus
OpenAlex,W4407104123,10.1109/access.2025.3537641,,2025,IEEE Access,PortableNet: An Automatical Diagnosis Method for Esophageal Motility Disorders
OpenAlex,W4399883840,10.21203/rs.3.rs-4495427/v1,,2024,Research Square,PortableNet: An Automatical Diagnosis Method for Gastrointestinal Motility Analysis
OpenAlex,W2122665855,10.5863/1551-6776-15.2.68,,2010,The Journal of Pediatric Pharmacology and Therapeutics,Interplay Between Pediatric Pharmacy Practice and Research to Influence Patient Care
OpenAlex,W4391033729,10.1111/jgh.16490,,2024,Journal of Gastroenterology and Hepatology,The current and future clinical applications of capsule endoscopy
OpenAlex,W4394718213,10.1007/978-981-99-8976-8_37,,2024,Algorithms for intelligent systems,A Prototype for Lung Cancer Forecasting Using Convolution Neural Network Method
OpenAlex,W4393205977,10.21769/bioprotoc.4973,,2024,BIO-PROTOCOL,Imaging Single-Cell Ca&lt;sup&gt;2+&lt;/sup&gt; Dynamics of Brainstem Neurons and Glia in Freely Behaving Mice
OpenAlex,W7119341306,,,2023,LA Referencia (Red Federada de Repositorios Institucionales de Publicaciones Científicas),Detecção e análise automática do deslocamento vertical do osso hioide em sua amplitude máxima em exames de ultrassonografia da deglutição
OpenAlex,W2112434193,10.5204/mcj.540,,2012,M/C Journal,Embodying Knowledge of Breast Cancer in a Disembodied Community?
OpenAlex,W4293230734,10.1086/719203,,2022,Schools,Editor’s Introduction
OpenAlex,W4320070085,10.33545/27076571.2022.v3.i2a.56,,2022,International Journal of Computing and Artificial Intelligence,A comparitive analysis of mobilenet and xception architecture for classification of endoscopy images
OpenAlex,W4296885428,10.1109/iiaiaai55812.2022.00040,,2022,2022 12th International Congress on Advanced Applied Informatics (IIAI-AAI),Visual Metaphor Construction for Image and Description of Fashion Goods
OpenAlex,W2076639599,10.1227/neu.0000000000000387,,2014,Neurosurgery,Expanding the Operative Corridor for Difficult-to-Reach Tumors
OpenAlex,W1576327300,10.1111/j.1469-8986.2011.01339.x,,2012,Psychophysiology,A quiet voice: <scp>R</scp>oland <scp>C</scp>lark <scp>D</scp>avis and the emergence of psychophysiology
OpenAlex,W4417170407,10.1109/tim.2025.3636644,,2025,IEEE Transactions on Instrumentation and Measurement,<i>AudiNosh</i> : Seamless Dietary Behaviors Optimization via Latency-Efficient In-Ear Acoustic Inspection
OpenAlex,W7160593836,10.5281/zenodo.20085789,,2026,Zenodo (CERN European Organization for Nuclear Research),Patient-Centered Artificial Intelligence Approaches in Pharmaceutical Formulation Development: A Review
OpenAlex,W7160618832,10.5281/zenodo.20086012,,2026,Zenodo (CERN European Organization for Nuclear Research),Bioengineered Lycopene Micro-Scaffolds for Diabetic Wound Regeneration
OpenAlex,W7160669126,10.5281/zenodo.20086013,,2026,Zenodo (CERN European Organization for Nuclear Research),Bioengineered Lycopene Micro-Scaffolds for Diabetic Wound Regeneration
OpenAlex,W7160623038,10.5281/zenodo.20085788,,2026,Zenodo (CERN European Organization for Nuclear Research),Patient-Centered Artificial Intelligence Approaches in Pharmaceutical Formulation Development: A Review
OpenAlex,W7166513839,10.5281/zenodo.21023637,,2026,Zenodo (CERN European Organization for Nuclear Research),ARTIFICIAL INTELLIGENCE IN PHARMACEUTICAL FORMULATION DEVELOPMENT
OpenAlex,W7164775269,,,2026,Open MIND,Artificial intelligence in orofacial myofunctional disorders: a scoping review protocol
OpenAlex,W7164513387,10.17605/osf.io/h2rjw,,2026,OSF Preprints (OSF Preprints),Artificial intelligence in orofacial myofunctional disorders: a scoping review protocol
OpenAlex,W7166507757,10.5281/zenodo.21023638,,2026,Zenodo (CERN European Organization for Nuclear Research),ARTIFICIAL INTELLIGENCE IN PHARMACEUTICAL FORMULATION DEVELOPMENT
OpenAlex,W7164806084,10.17605/osf.io/rcqp8,,2026,Open Science Framework,Artificial intelligence in orofacial myofunctional disorders: a scoping review protocol
OpenAlex,W4386525272,10.36227/techrxiv.24086103.v1,,2023,,Enhancing Speech Rehabilitation: Calibrating 3D-CNN Lip Reading Models for Higher Single User Accuracy to Improve Communication in Aphonia and Aphasia Cases
OpenAlex,W2555067121,10.1007/s10897-016-0048-5,,2016,Journal of Genetic Counseling,2017 National Society of Genetic Counselors Presidential Address: Do Something that Scares You
OpenAlex,W4232726817,10.1353/col.2011.0006,,2011,Colorado review,Pill
OpenAlex,W4386499070,10.36227/techrxiv.24086103,,2023,,Enhancing Speech Rehabilitation: Calibrating 3D-CNN Lip Reading Models for Higher Single User Accuracy to Improve Communication in Aphonia and Aphasia Cases
OpenAlex,W3035224844,10.18769/ijasos.789461,,2020,IJASOS- International E-journal of Advances in Social Sciences,AN INTEGRATED APPROACH TO THE STUDY OF THE POEM OF N. IZHENDEY “THE VOICE OF THE UNBORN CHILD”
OpenAlex,W4324326715,10.1117/12.2647689,,2023,,Towards imaging through side-scattering in a multi-mode optical fiber
OpenAlex,W3011684167,10.1016/j.gie.2019.12.013,,2020,Gastrointestinal Endoscopy,Eosinophilic esophagitis in children is about more than eosinophils
OpenAlex,W2899552505,10.1016/j.cub.2018.09.044,,2018,Current Biology,Profound rumblings from the bowels of the lobster
OpenAlex,W4386565072,10.1097/01.eem.0000721176.70862.4e,,2020,Emergency Medicine News,Viewpoint
OpenAlex,W7147073670,10.5281/zenodo.19357584,,2026,Zenodo (CERN European Organization for Nuclear Research),"""Of Studies"" by Francis Bacon: Classroom Notes, Philosophical Insights, and Exam-Oriented Study Material"
OpenAlex,W7147500536,10.5281/zenodo.19357586,,2026,Zenodo (CERN European Organization for Nuclear Research),"""Of Studies"" by Francis Bacon: Classroom Notes, Philosophical Insights, and Exam-Oriented Study Material"
OpenAlex,W2413191678,10.1097/acm.0000000000001080,,2016,Academic Medicine,Giving Voice to Patient-Centered Care
OpenAlex,W7160243909,10.1016/j.jcis.2026.140675,,2026,Journal of Colloid and Interface Science,Unveiling metastable intermediates of block copolymer self-assembly in colloids via graphene liquid cell imaging
OpenAlex,W1988813681,10.1016/j.athoracsur.2013.11.065,,2014,The Annals of Thoracic Surgery,"Herbert Sloan, MD, October 10, 1914 - May 17, 2013"
OpenAlex,W4253125684,10.1017/9781800100442.004,,2020,,Interstitial Societies
OpenAlex,W7116113965,10.1021/acsapm.5c03534.s003,,2025,Figshare,Ultraelastic Ionic-ConductiveHydrogel Pressure Sensorwith Nano-Interpenetrating Networks for Fruit Classification
OpenAlex,W7116072425,10.1021/acsapm.5c03534.s002,,2025,Figshare,Ultraelastic Ionic-ConductiveHydrogel Pressure Sensorwith Nano-Interpenetrating Networks for Fruit Classification
OpenAlex,W7116048994,10.1021/acsapm.5c03534.s001,,2025,Figshare,Ultraelastic Ionic-ConductiveHydrogel Pressure Sensorwith Nano-Interpenetrating Networks for Fruit Classification
OpenAlex,W7160172434,10.5946/ce.2025.418,,2026,Clinical Endoscopy,The cutting-edge evolution of artificial intelligence-assisted capsule endoscopy
OpenAlex,W2423136878,10.1227/neu.0000000000000803,,2015,Neurosurgery,Skull Base Meningiomas
OpenAlex,W7160361461,,,2026,Clarin.SI Repository (Clarin.SI),"Sample from the e-book ""Po poteh belega metulja"" (Following the paths of the white butterfly)"
OpenAlex,W4415962927,10.48550/arxiv.2510.17198,,2025,arXiv (Cornell University),From Pixels to People: Satellite-Based Mapping and Quantification of Riverbank Erosion and Lost Villages in Bangladesh
OpenAlex,W2156622498,10.1111/criq.12174,,2015,Critical Quarterly,Sacred fantasy in <i><scp>G</scp>ame of <scp>T</scp>hrones</i>
OpenAlex,W7162412042,10.1109/icaiss68683.2026.11526079,,2026,,A Hybrid IoT Conversation Gadget That Uses Patient-Response Monitoring and a Neckband Sensor to Discover Movement
OpenAlex,W4413398451,10.1016/j.engappai.2025.111884,,2025,Engineering Applications of Artificial Intelligence,Analyzing food bolus formation during chewing through image segmentation
OpenAlex,W4406288154,10.1111/jftr.12607,,2025,Journal of Family Theory & Review,Unifying human development and family science: Navigating identity challenges in higher education
OpenAlex,W4380206126,10.1525/gfc.2023.23.2.37,,2023,Gastronomica The Journal of Food and Culture,Tasting the “Future of Food” on a Bay-Area Cellular Agriculture Tour
OpenAlex,W7164004121,10.6084/m9.figshare.32606361.v1,,2026,Figshare,2026 MD Anderson Multidisciplinary Head and Neck Cancer Research Working Retreat:
OpenAlex,W7164121183,10.6084/m9.figshare.32606361.v2,,2026,Figshare,2026 MD Anderson Multidisciplinary Head and Neck Cancer Research Working Retreat:
OpenAlex,W7164008210,10.6084/m9.figshare.32606361,,2026,Figshare,2026 MD Anderson Multidisciplinary Head and Neck Cancer Research Working Retreat:
OpenAlex,W2033774883,10.1215/08879982-1629128,,2012,Tikkun,"Burning Man, Desire, and the Culture of Empire"
OpenAlex,W7136131360,10.2196/preprints.95241,,2026,,The Digital Twin Paradigm in Head and Neck Cancer: Clinical Opportunities and Challenges (Preprint)
OpenAlex,W4235012352,10.1353/scu.2018.0025,,2018,Southern cultures,American Honey
OpenAlex,W4390942430,10.2196/preprints.56245,,2024,,Investigation of Deepfake Voice Detection Using Speech Pause Patterns: Algorithm Development and Validation (Preprint)
OpenAlex,W7149476129,10.17605/osf.io/nb7wy,,2026,Open MIND,"CNN, GAN, and RNN Architectures for Anatomical Segmentation, Surgical Planning, and Outcome Prediction in Combined Orthognathic and Maxillofacial Surgery: A PRISMA-ScR Scoping Review"
OpenAlex,W7162856364,10.3969/j.issn.1006-9771.2025.05.005,,2025,DOAJ (DOAJ: Directory of Open Access Journals),Developing on-campus training bases for speech and hearing rehabilitation programs in higher vocational colleges
OpenAlex,W4283263649,10.1111/nzg.12338,,2022,New Zealand Geographer,Performing encounters (and encountering performance) at Auckland Zoo
OpenAlex,W4393008263,10.3990/1.9789036560696,,2024,,"Enter the matrix, on how to improve thyroid nodule management using 3D ultrasound"
OpenAlex,W7164109088,,,2026,UPCommons institutional repository (Universitat Politècnica de Catalunya),Diffusion-based head-and-neck CT synthesis under limited data
OpenAlex,W4402511996,10.1097/io9.0000000000000139,,2024,International Journal of Surgery Open,Expanding the horizons of redo transoral robotic thyroidectomy: key considerations for broader implementation
OpenAlex,W4240273565,10.1353/vp.2013.0018,,2013,Victorian poetry,Thomas Hardy
OpenAlex,W7162692153,10.3389/froh.2026.1870105,,2026,Frontiers in Oral Health,Editorial: Next-generation technologies and multidisciplinary integration for oral cancer diagnosis and treatment
OpenAlex,W4405558662,10.1111/mms.13217,,2024,Marine Mammal Science,Depredation in Jamaica: An example of behavioral innovation in common bottlenose dolphins (<i>Tursiops truncatus</i>)
OpenAlex,W1987201312,10.1016/j.pmrj.2014.09.002,,2014,PM&R,Is an Appropriate Wheelchair Becoming Out of Reach? – Part 2
OpenAlex,W2617860529,10.1353/col.2017.0051,,2017,Colorado review,"Nostalgia Negra, and: Inventing a Lineage on the Day My Mother’s Mother Is Buried"
OpenAlex,W2335154529,10.1097/01.sih.0000441722.16890.9f,,2013,Simulation in Healthcare The Journal of the Society for Simulation in Healthcare,Board 524 - Technology Innovations Abstract A Model to Teach Drainage of Peritonsillar Abscess (Submission #1126)
OpenAlex,W2996699531,10.1111/1751-7915.13520,,2019,Microbial Biotechnology,The Home Clinic <i>or</i> All in a Day's Work of Dr. Fics
OpenAlex,W3137893208,10.1353/tfr.2013.0325,,2013,The French review,Rue Darwin by Boualem Sansal
OpenAlex,W4236913511,10.1542/pir.35-2-49,,2014,Pediatrics in Review,Muscle Disease
OpenAlex,W4254590605,10.1097/aln.0b013e318255e61a,,2012,Anesthesiology,“Perseverant Heart”
OpenAlex,W4323037161,10.1016/j.slast.2023.02.005,,2023,SLAS TECHNOLOGY,Life sciences discovery and technology highlights
OpenAlex,W2901070754,10.5250/symploke.26.1-2.0125,,2018,symplokē,"Oceanian Pain in the Nuclear Epoch, Or: How I Learned to Love Epeli Hau'ofa's &lt;em&gt;Kisses in the Nederends&lt;/em&gt;"
OpenAlex,W2899232264,10.1097/01.eem.0000547695.59089.5d,,2018,Emergency Medicine News,InFocus
OpenAlex,W2918996607,10.1353/cal.2017.0112,,2017,Callaloo,"American, and: Until I Get Back, and: American Birthdeath Sequence, and: Blood-Slow Riot, and: John 1:1"
OpenAlex,W3214235634,10.1353/vct.2015.0023,,2015,Victorians,Threads of Masculinity: The Nexus of Dress and Manliness in Trollope’s Novels
OpenAlex,W4383563219,10.1353/ner.2023.a901448,,2023,New England review,Couch Potato
OpenAlex,W7147127235,10.5281/zenodo.19357888,,2026,Open MIND,Ep. 135: Is OCR Dead? How Vision AI Is Redefining Text Extraction
OpenAlex,W7147240035,10.5281/zenodo.19357887,,2026,Zenodo (CERN European Organization for Nuclear Research),Ep. 135: Is OCR Dead? How Vision AI Is Redefining Text Extraction
OpenAlex,W4389114009,10.5406/23283335.116.4.05,,2023,Journal of the Illinois State Historical Society (1998-),"Fighting to be Illini: Title IX, Women's Basketball, and the Struggle for Gender Equity at the University of Illinois"
OpenAlex,W7139108593,10.17026/ss/pg7tbi,,2025,,Public strategic leaders and their reflective practice in accelerated times
OpenAlex,W2971332025,10.1097/acm.0000000000002666,,2019,Academic Medicine,How May I Help You?
OpenAlex,W4206755537,10.1542/pir.35.2.49,,2014,Pediatrics in Review,Muscle Disease
OpenAlex,W4403047779,10.1542/neo.25-10-e664,,2024,NeoReviews,A Hypertonic Term Newborn with Absent Primitive Reflexes
OpenAlex,W4402973932,10.22541/au.172773135.55025991/v1,,2024,,The Role of Technology in Shaping Social Movements
OpenAlex,W7148868635,10.17605/osf.io/fbmuy,,2026,Open MIND,Hope Without a Name: The Philosophy and Politics of Protecting the Forgotten Child
OpenAlex,W7134889443,10.5281/zenodo.18960575,,2025,Zenodo (CERN European Organization for Nuclear Research),"Ep. 23: AI's Blind Spot: Data, Bias & Common Crawl"
OpenAlex,W7134962632,10.5281/zenodo.18960576,,2025,Zenodo (CERN European Organization for Nuclear Research),"Ep. 23: AI's Blind Spot: Data, Bias & Common Crawl"
OpenAlex,W7134919540,10.5281/zenodo.18961037,,2025,Zenodo (CERN European Organization for Nuclear Research),"Ep. 23: AI's Blind Spot: Data, Bias & Common Crawl"
OpenAlex,W7134955284,10.5281/zenodo.18961038,,2025,Zenodo (CERN European Organization for Nuclear Research),"Ep. 23: AI's Blind Spot: Data, Bias & Common Crawl"
OpenAlex,W2329167696,10.1097/01.eem.0000450849.85098.6b,,2014,Emergency Medicine News,Emergentology
OpenAlex,W4323820901,10.1002/9781119603627.index,,2023,,Index
OpenAlex,W4281674415,10.5406/25784773.5.1.02,,2022,Jazz & Culture,Archival Silence in the Collections of Dietrich Schulz-Köhn
OpenAlex,W2089268837,10.1080/10848770.2014.876204,,2014,The European Legacy,Rorty’s Anti-Representationalism and Poe’s Poetics
OpenAlex,W7121650948,10.5281/zenodo.18207749,,2026,Zenodo (CERN European Organization for Nuclear Research),"MH370: Mathematical Proof of the Survival of All Passengers Within a Tensorial Capsule at Broken Ridge and a Depth of 4650 Meters in the Southern Indian Ocean, at Coordinates Longitude 93.6165° E and Latitude 34.4812° S via 165D Mechanics Tensor of the Hamzah Equation."
OpenAlex,W7121261554,10.5281/zenodo.18208660,,2026,Zenodo (CERN European Organization for Nuclear Research),"MH370: Mathematical Proof of the Survival of All Passengers Within a Tensorial Capsule at Broken Ridge and a Depth of 4650 Meters in the Southern Indian Ocean, at Coordinates Longitude 93.6165° E and Latitude 34.4812° S via 165D Mechanics Tensor of the Hamzah Equation."
OpenAlex,W7109008856,10.1002/pmf2.70194,,2025,Pregnancy,On failing in pregnancy
OpenAlex,W4407748407,10.1113/ep092405,,2025,Experimental Physiology,From bedside to seaside: An academic's attempt at freediving
OpenAlex,W4233364866,10.1016/j.cub.2016.06.038,,2016,Current Biology,John M. Archibald
OpenAlex,W4391560626,10.14321/fourthgenre.26.1.0150,,2024,Fourth Genre Explorations in Nonfiction,What Water Is
OpenAlex,W4404397435,10.4103/jiag.jiag_89_24,,2024,Journal of The Indian Academy of Geriatrics,Oration
OpenAlex,W3013023204,10.5325/studamershorstor.1.1.0095,,2020,Studies in the American Short Story,The Snopes of Kilimanjaro
OpenAlex,W4206318144,10.1353/wlt.2011.0005,,2011,World Literature Today,The Button (an excerpt)
OpenAlex,W4297449035,10.5281/zenodo.7118383,,2022,Zenodo (CERN European Organization for Nuclear Research),A+ Formulations CBD Oil (Scam Oil Or Legit) Full Detailed Review!
OpenAlex,W3197989941,10.4103/mamcjms.mamcjms_90_21,,2021,MAMC Journal of Medical Sciences,Covid
OpenAlex,W2917773279,10.1097/aln.0b013e31826a4d71,,2012,Anesthesiology,Journal-related Activities and Other Special Activities at the 2012 American Society of Anesthesiologists Annual Meeting
OpenAlex,W7165664059,10.1055/s-0046-1824538,,2026,Indian Journal of Plastic Surgery,Plastic and Reconstructive Surgery in the Era of Artificial Intelligence
OpenAlex,W4367146557,10.1215/00318108-10123852,,2023,The Philosophical Review,<i>The Open Society and Its Complexities</i>
OpenAlex,W4382810450,10.1111/aman.13889,,2023,American Anthropologist,“I'm telling you this because I love you”
OpenAlex,W4282943290,10.5406/19446489.17.2.06,,2022,The Pluralist,"Pragmatism, Peirce, and the Pandemic"
OpenAlex,W4297449875,10.5281/zenodo.7119598,,2022,Zenodo (CERN European Organization for Nuclear Research),"A+ Formulations CBD Full Spectrum Oil For Sleep, Anxiety and Pain Relief To Try In 2022"
OpenAlex,W4411389911,10.1111/glal.12447,,2025,German Life and Letters,INTRODUCTION. LETTERS IN THE WEB OF LIFE: TOWARDS AN ECOLOGICAL PHILOLOGY
OpenAlex,W4289717672,10.1007/978-3-031-07414-1_1,,2022,,In Praise of Improvisation
OpenAlex,W4391561611,10.14321/fourthgenre.26.1.0143,,2024,Fourth Genre Explorations in Nonfiction,Waterfall Children
OpenAlex,W383377646,10.1044/leader.ftr1.19082014.60,,2014,ASHA Leader,All in the Family
OpenAlex,W4410084904,10.1215/15366936-11530826,,2025,Meridians,Yakama Auntie Lessons on How to Outfox a Monster
OpenAlex,W4391894261,10.1111/rsr.16893,,2023,Religious Studies Review,Louise Bourgeois: The Construction of Mother
OpenAlex,W4387177562,10.1111/plar.12538,,2023,PoLAR Political and Legal Anthropology Review,"An otherwise classroom and a diagnosis, or, the preciousness of a pause"
OpenAlex,W4386583914,10.1097/01.eem.0000891104.67980.6a,,2022,Emergency Medicine News,Special Report
OpenAlex,W4378974811,10.5406/26902451.13.1.02,,2023,Italian American Review,Interrogating the Myths of Education: Dorothy Bryant's<i>Ella Price's Journal</i>and<i>Miss Giardino</i>
OpenAlex,W4388470142,10.1162/afar_r_00733,,2023,African Arts,Before Nollywood: The Ideal Photo Studio curated by Amy Staples. Iké Udé: Nollywood Portraits Originating curator: Selene Wendt; Smithsonian curator: Karen Milbourne
OpenAlex,W4413471036,10.1111/criq.70009,,2025,Critical Quarterly,Creating Spaces: Redacted Poetry Through Papercutting
OpenAlex,W4408188194,10.14321/crnewcentrevi.23.3.0001,,2023,CR The New Centennial Review,Love in Action
OpenAlex,W3033687002,10.1176/appi.pn.2020.6a45,,2020,Psychiatric News,<i>Special Report:</i> Asian American Hate Incidents—A Co-occurring Epidemic During COVID-19
OpenAlex,W4391560591,10.14321/fourthgenre.26.1.0079,,2024,Fourth Genre Explorations in Nonfiction,The Hanker Chiefs
OpenAlex,W4234144399,10.1086/711819,,2020,The Quarterly Review of Biology,Index to Titles and Authors/Editors of Books Reviewed
OpenAlex,W4410641454,10.1097/gox.0000000000006712,,2025,Plastic & Reconstructive Surgery Global Open,AAPS 2025 Annual Meeting Abstracts Supplement Table of Contents
OpenAlex,W4282939226,10.14321/fourthgenre.24.1.0137,,2022,Fourth Genre Explorations in Nonfiction,At Times I Didn't Drown
OpenAlex,W4411597514,10.5406/15549399.58.2.05,,2025,Dialogue A Journal of Mormon Thought,No Hard Feelings
OpenAlex,W7125252687,10.1097/prs.0000000000012021,,2026,Plastic & Reconstructive Surgery,Healing Leadership: Deploying The Art of War for Medical Excellence
OpenAlex,W4384931916,10.1111/gequ.12379,,2023,The German Quarterly,The humanities in crisis: How did we get here and where do we go from here?
OpenAlex,W4309601980,10.5406/19405103.55.1.05,,2022,American Literary Realism,A Return to the Commons: An Eco-Marxist Reading of Jewett's “The Gray Mills of Farley” and Rebecca Harding Davis’ <i>Life in the Iron Mills</i>
OpenAlex,W7138851901,10.14321/fourthgenre.28.1.0023,,2026,Fourth Genre Explorations in Nonfiction,How Birds Fly
OpenAlex,W7126095865,10.5406/23300841.71.1.06,,2026,The Polish Review,The Bishop
OpenAlex,W4255536317,10.1093/alh/ajaa005,,2020,American Literary History,Presidential Forum
OpenAlex,W3212927210,10.1215/00104124-9313144,,2021,Comparative Literature,Translation as Conversion: Richard Wilhelm’s <i>Bekehrung</i> and the <i>Bekehrter</i>
OpenAlex,W4367664224,10.14321/crnewcentrevi.22.3.0103,,2022,CR The New Centennial Review,Lose Your Father
OpenAlex,W4282926765,10.14321/fourthgenre.24.1.0121,,2022,Fourth Genre Explorations in Nonfiction,Must Have Been A Lie
OpenAlex,W2979868123,10.1109/embc.2019.8857937,,2019,,Applying Machine Learning Algorithms for Automatic Detection of Swallowing from Sound
OpenAlex,W4210950158,10.1109/icecet52533.2021.9698484,,2021,"2021 International Conference on Electrical, Computer and Energy Technologies (ICECET)",Classification of Swallowing Foods Using Machine Learning Algorithms
OpenAlex,W4319833057,10.1002/adsr.202200060,,2023,Advanced Sensor Research,"External Measurement of Swallowed Volume During Exercise Enabled by Stretchable Derivatives of PEDOT:PSS, Graphene, Metallic Nanoparticles, and Machine Learning"
OpenAlex,W2805927228,10.1021/acsnano.8b02133,,2018,ACS Nano,Metallic Nanoislands on Graphene for Monitoring Swallowing Activity in Head and Neck Cancer Patients
OpenAlex,W3083374281,10.1007/s00455-020-10177-0,,2020,Dysphagia,A Preliminary Investigation of Whether HRCA Signals Can Differentiate Between Swallows from Healthy People and Swallows from People with Neurodegenerative Diseases
OpenAlex,W4286340384,10.1109/ecei53102.2022.9829440,,2022,,Recognition Technology with Machine Learning into Swallow Ecological Education
OpenAlex,W2503704619,10.1057/9781137001900_5,,2011,Palgrave Macmillan US eBooks,On Elizabeth Isham’s “Oil of Swallows”: Animal Slaughter and Early Modern Women’s Medical Recipes
OpenAlex,W4401109929,10.1109/melecon56669.2024.10608589,,2024,,Differentiating Fluid-intake-related Swallowing Events from Saliva and Solid Food Intake Using Swallowing Sounds and Conventional Machine Learning
OpenAlex,W4285101267,10.1109/aiiot54504.2022.9817326,,2022,2022 IEEE World AI IoT Congress (AIIoT),Lung cancer prediction model using ensemble learning techniques and a systematic review analysis
OpenAlex,W2775725251,10.1002/tee.22572,,2017,IEEJ Transactions on Electrical and Electronic Engineering,The attempt of swallowing discrimination by heart rate variability using machine learning
OpenAlex,W3142472021,10.1080/13645706.2021.1901120,,2021,Minimally Invasive Therapy & Allied Technologies,Improving pre-bariatric surgery diagnosis of hiatal hernia using machine learning models
OpenAlex,W4402692998,10.1111/bld.12621,,2024,British Journal of Learning Disabilities,“I Forgot My Numbers and the Machine Swallowed It Up”: Adults With Learning Disabilities Share Their Perspectives on the Shift to a Cashless Society
OpenAlex,W2990691150,10.1038/s41551-019-0480-6,,2019,Nature Biomedical Engineering,Mechano-acoustic sensing of physiological processes and body motions via a soft wireless device placed at the suprasternal notch
OpenAlex,W3092075392,10.1016/j.cmpb.2020.105786,,2020,Computer Methods and Programs in Biomedicine,Machine-Learning based model order reduction of a biomechanical model of the human tongue
OpenAlex,W4322582220,10.31127/tuje.1180931,,2023,Turkish Journal of Engineering,Machine learning-based lung cancer diagnosis
OpenAlex,W3215623385,10.1007/s10586-021-03472-4,,2021,Cluster Computing,An intelligent outlier detection with machine learning empowered big data analytics for mobile edge computing
OpenAlex,W4210547799,10.1007/s00455-022-10410-y,,2022,Dysphagia,Using an Automated Speech Recognition Approach to Differentiate Between Normal and Aspirating Swallowing Sounds Recorded from Digital Cervical Auscultation in Children
OpenAlex,W4390486090,10.1109/elexcom58812.2023.10370116,,2023,,Machine Learning-Assisted Diagnosis of Speech Disorders: A Review of Dysarthric Speech
OpenAlex,W4283076279,10.3390/app12126135,,2022,Applied Sciences,Smart Piezoelectric-Based Wearable System for Calorie Intake Estimation Using Machine Learning
OpenAlex,W2949675440,10.1098/rsif.2019.0031,,2019,Journal of The Royal Society Interface,Reconstruction of long-distance bird migration routes using advanced machine learning techniques on geolocator data
OpenAlex,W4312084895,10.1016/j.cmpb.2022.107309,,2022,Computer Methods and Programs in Biomedicine,Voiceprint and machine learning models for early detection of bulbar dysfunction in ALS
OpenAlex,W3124411764,10.2196/21331,,2021,JMIR Medical Informatics,Detection of Bulbar Involvement in Patients With Amyotrophic Lateral Sclerosis by Machine Learning Voice Analysis: Diagnostic Decision Support Development Study
OpenAlex,W4411253911,10.1002/smll.202503969,,2025,Small,A Highly Flexible Self‐Powered Triboelectric Sensor Array for Silent Speech Recognition and Swallowing Motion Analysis
OpenAlex,W4311363763,10.3390/su142416741,,2022,Sustainability,Modelling of Metaheuristics with Machine Learning-Enabled Cybersecurity in Unmanned Aerial Vehicles
OpenAlex,W4317803594,10.1002/rse2.323,,2023,Remote Sensing in Ecology and Conservation,Long‐term analysis of persistence and size of swallow and martin roosts in the <scp>US</scp> Great Lakes
OpenAlex,W4291000539,10.1093/geroni/igac051,,2022,Innovation in Aging,Predicting Hospice Transitions in Dementia Caregiving Dyads: An Exploratory Machine Learning Approach
OpenAlex,W2798270606,10.1109/iciev.2017.8338594,,2017,,Tongue movement classification in chewing and swallowing using electromyography
OpenAlex,W4405712297,10.1007/s42114-024-01157-1,,2024,Advanced Composites and Hybrid Materials,Multi-layered gradient-structured TPU/CNTs aerogel with ultra-wide pressure detection capabilities for machine learning–assisted fruit recognition
OpenAlex,W4221007050,10.1021/acs.chemrestox.1c00410,,2022,Chemical Research in Toxicology,Vapor Pressure and Toxicity Prediction for Novichok Agent Candidates Using Machine Learning Model: Preparation for Unascertained Nerve Agents after Chemical Weapons Convention Schedule 1 Update
OpenAlex,W2884166367,10.1016/j.neucom.2018.07.004,,2018,Neurocomputing,Detection of weak transient signals based on unsupervised learning for bearing fault diagnosis
OpenAlex,W2772738241,10.1109/m2vip.2017.8211476,,2017,,Actuation planning and modeling of a soft swallowing robot
OpenAlex,W1986782637,10.1117/12.2018130,,2013,"Proceedings of SPIE, the International Society for Optical Engineering/Proceedings of SPIE",Liquid intake monitoring through breathing signal using machine learning
OpenAlex,W4406907271,10.3390/jcm14030792,,2025,Journal of Clinical Medicine,Clustering and Machine Learning Models of Skeletal Class I and II Parameters of Arab Orthodontic Patients
OpenAlex,W4412749754,10.1016/j.radonc.2025.111066,,2025,Radiotherapy and Oncology,Explainable machine learning for predicting aspiration pneumonia after radiotherapy in oral cavity cancer
OpenAlex,W4292266271,10.1007/978-981-19-3311-0_34,,2022,Algorithms for intelligent systems,A Comparative Analysis of Different Algorithms in Machine Learning Techniques for Underwater Acoustic Signal Recognition
OpenAlex,W2888470459,10.1002/rse2.92,,2018,Remote Sensing in Ecology and Conservation,Automated detection of bird roosts using<scp>NEXRAD</scp>radar data and Convolutional Neural Networks
OpenAlex,W2038413588,10.1044/1092-4388(2011/11-0088),,2012,Journal of Speech Language and Hearing Research,Application of Classification Models to Pharyngeal High-Resolution Manometry
OpenAlex,W4393901105,10.1016/j.apmr.2024.02.132,,2024,Archives of Physical Medicine and Rehabilitation,Using Machine Learning to Predict Discharge Destination from Inpatient Rehabilitation
OpenAlex,W4391929719,10.1109/bibe60311.2023.00072,,2023,,Detection of Fluid Intake Swallowing Events Using Acoustic Signals and Template Matching
OpenAlex,W4319304098,10.1016/j.nanoen.2023.108245,,2023,Nano Energy,Stretchable self-adhesive and self-powered smart bandage for motion perception and motion intention recognition
OpenAlex,W4408564525,10.23919/jcc.ja.2023-0401,,2025,China Communications,Machine learning-based hybrid SSO-MA with optimized secure link state routing protocol in Manet
OpenAlex,W4312651525,10.47750/pnr.2022.13.s03.170,,2022,Journal of Pharmaceutical Negative Results,Hybrid Model of KNN and PCA to Pre-processor of Thyroid Dataset using Machine Learning
OpenAlex,W2093992363,10.1109/embc.2013.6609718,,2013,,Wearable diet monitoring through breathing signal analysis
OpenAlex,W4321016494,10.1109/tim.2023.3244253,,2023,IEEE Transactions on Instrumentation and Measurement,Swallow Neural Network-Empowered High-Speed Brillouin Optical Correlation-Domain Reflectometry: Optimization and Real-Time Operation
OpenAlex,W4402926875,10.3390/jcm13195747,,2024,Journal of Clinical Medicine,Routine ICU Surveillance after Brain Tumor Surgery: Patient Selection Using Machine Learning
OpenAlex,W4224049920,10.21203/rs.3.rs-1529003/v1,,2022,Research Square,Post-stroke respiratory complications using machine learning with voice features from mobile devices
OpenAlex,W4403863726,10.1109/aic61668.2024.10730856,,2024,,Machine Learning Application in Lung Cancer Prediction: Insights from Random Forest
OpenAlex,W2805623262,10.1007/978-3-319-78452-6_1,,2018,Advances in intelligent systems and computing,Artificial Intelligence Approach to the Trajectory Generation and Dynamics of a Soft Robotic Swallowing Simulator
OpenAlex,W3026573763,,,2020,University Library (University of Saskatchewan),Detection of Intestinal Bleeding in Wireless Capsule Endoscopy using Machine Learning Techniques
OpenAlex,W4408822565,10.1017/cts.2024.986,,2025,Journal of Clinical and Translational Science,360 Using machine learning to analyze voice and detect aspiration
OpenAlex,W4402114866,10.59796/jcst.v14n3.2024.55,,2024,Journal of Current Science and Technology,Optimizing Lung Cancer Diagnosis with Machine Learning and Feature Selection Methods
OpenAlex,W4283367184,10.1109/iotdi54339.2022.00014,,2022,,Let's Grab a Drink: Teacher-Student Learning for Fluid Intake Monitoring using Smart Earphones
OpenAlex,W4361829609,10.1109/ccip57447.2022.10058630,,2022,,Prediction of Lung Cancer at Early Stage Using Correlation Analysis and Regression Modelling
OpenAlex,W3182437200,10.1017/dap.2021.3,,2021,Data & Policy,The accuracy versus interpretability trade-off in fraud detection model
OpenAlex,W3017767526,10.1109/csci49370.2019.00189,,2019,,Facing Big Data in Longterm High Resolution Manometry of the Esophagus by Automated Swallow Detection and Classification
OpenAlex,W3156809527,10.3390/s21082875,,2021,Sensors,Chest-Worn Inertial Sensors: A Survey of Applications and Methods
OpenAlex,W4389669924,10.1016/j.dajour.2023.100381,,2023,Decision Analytics Journal,An artificial intelligence-based decision support system for early and accurate diagnosis of Parkinson’s Disease
OpenAlex,W4399495081,10.3390/s24123748,,2024,Sensors,Identification of Respiratory Pauses during Swallowing by Unconstrained Measuring Using Millimeter Wave Radar
OpenAlex,W4416419133,10.1016/j.heares.2025.109479,,2025,Hearing Research,Multi-feature machine learning classification of sonotubometry for eustachian tube dysfunction assessment
OpenAlex,W3160686853,10.48550/arxiv.2105.07390,,2021,arXiv (Cornell University),Survival prediction of head and neck squamous cell carcinoma using machine learning models
OpenAlex,W4306894184,10.1016/j.measen.2022.100530,,2022,Measurement Sensors,Implementation of blockchain technology using extended CNN for lung cancer prediction
OpenAlex,W4415881919,10.1007/s13346-025-02006-4,,2025,Drug Delivery and Translational Research,Optimization of print parameters for batch and continuous manufacturing of three-dimensional (3D) printed dosage forms using artificial intelligence and machine learning
OpenAlex,W4390482537,10.1109/elexcom58812.2023.10370277,,2023,,Unlocking ALS Insights with the Power of Artificial Intelligence and Machine Learning
OpenAlex,W4415938604,10.1093/ornithapp/duaf075,,2025,Ornithological Applications,Pairing weather radars with eBird data for large-scale monitoring of swallow and martin communal roosts
OpenAlex,W4312103327,10.1093/geroni/igac059.2051,,2022,Innovation in Aging,QUALITY OF LIFE AND SOCIAL DETERMINANTS PREDICT HOSPICE IN DEMENTIA CAREGIVING DYADS: A MACHINE LEARNING APPROACH
OpenAlex,W3179669715,,,2021,IEICE Technical Report; IEICE Tech. Rep.,Investigation into muscle activities when swallowing by using machine learning
OpenAlex,W2080705865,10.1016/j.compbiomed.2015.02.001,,2015,Computers in Biology and Medicine,Classification of laryngeal disorders based on shape and vascular defects of vocal folds
OpenAlex,W2279500041,10.1109/embc.2015.7318466,,2015,,Blood detection in wireless capsule endoscope images based on salient superpixels
OpenAlex,W4408535064,10.1007/s11096-024-01860-5,,2025,International Journal of Clinical Pharmacy,Developing a machine learning-based predictive model for the analgesic effectiveness of transdermal fentanyl in cancer patients: an interpretable approach
OpenAlex,W2790631721,10.1016/j.tipsro.2018.01.002,,2018,Technical Innovations & Patient Support in Radiation Oncology,Predicting acute odynophagia during lung cancer radiotherapy using observations derived from patient-centred nursing care
OpenAlex,W4391321356,10.21203/rs.3.rs-3888376/v1,,2024,Research Square,Machine learning and feature selection methods to predict 1-year survival and disease progression for Amyotrophic Lateral Sclerosis
OpenAlex,W4400228104,10.1049/icp.2024.0507,,2024,IET conference proceedings.,Levy swallow swarm optimization with machine learning-based intrusion detection in IIoT
OpenAlex,W2090268611,10.1007/s13534-014-0149-8,,2014,Biomedical Engineering Letters,Wearable sensing for liquid intake monitoring via apnea detection in breathing signals
OpenAlex,W4388852017,10.7144/sgf.29.122,,2023,The Journal of Japanese Society of Stomatognathic Function,Swallowing sound detection system based on multiple machine learning algorithms
OpenAlex,W3022390996,10.1007/978-3-030-36275-1_18,,2020,,Swallows and Sparrows in the Human Street-Market Interface of Urban Nepal: Towards a First Open Access GIS Data and Model Inference on the Role of Religion and Culture in Bird Distribution
OpenAlex,W7154514145,10.1590/1982-0216/202628211025,,2026,Revista CEFAC,Applicability of machine learning in swallowing assessment in adults and older adults: A scoping review protocol
OpenAlex,W4324137405,10.1109/icssit55814.2023.10060899,,2023,,Evaluating the Solutions to Predict the Impact of Lung Cancer with an Advanced Intelligent Computing Method
OpenAlex,W3043352017,,,2020,Japan Society of Kansei Engineering,Preliminary study to assess deliciousness using machine learning of EMG data when swallowing
OpenAlex,W4383384858,10.1016/s0016-5085(23)02901-3,,2023,Gastroenterology,Mo1297 IDENTIFICATION OF MULTIPLE RAPID SWALLOWS IN HIGH RESOLUTION MANOMETRY USING MACHINE LEARNING
OpenAlex,W4388938264,10.1109/icccnt56998.2023.10308048,,2023,,A Review and Classification of Amyotrophic Lateral Sclerosis with Speech as a Biomarker
OpenAlex,W3189527170,10.1016/j.spinee.2021.05.112,,2021,The Spine Journal,87. Development of a machine learning algorithm for neck motion classification in patients after anterior cervical discectomy and fusion (ACDF)
OpenAlex,W4384499270,10.1371/journal.pntd.0010853,,2023,PLoS neglected tropical diseases,"Individual longitudinal compliance to neglected tropical disease mass drug administration programmes, a systematic review"
OpenAlex,W4210787527,10.3390/s22031137,,2022,Sensors,Detecting Bulbar Involvement in Patients with Amyotrophic Lateral Sclerosis Based on Phonatory and Time-Frequency Features
OpenAlex,W4406777876,10.3389/fnut.2025.1518466,,2025,Frontiers in Nutrition,Navigating next-gen nutrition care using artificial intelligence-assisted dietary assessment tools—a scoping review of potential applications
OpenAlex,W3097192699,10.1159/000511931,,2020,Visceral Medicine,How to Cope with Big Data in Functional Analysis of the Esophagus
OpenAlex,W4410441791,10.1097/01.gox.0001113988.22370.f2,,2025,Plastic & Reconstructive Surgery Global Open,"36. Anderson Mandibular Osteoradionecrosis Speech and Swallow Tool (AMOSST): A Validated, Highly Predictive, Machine Learning-powered Predictor of Postoperative Outcomes"
OpenAlex,W4311627249,10.3390/s22239468,,2022,Sensors,AI-Based Detection of Aspiration for Video-Endoscopy with Visual Aids in Meaningful Frames to Interpret the Model Outcome
OpenAlex,W4416213196,10.1007/s11695-025-08336-z,,2025,Obesity Surgery,Exploratory Machine Learning Methods to Assess a Novel Individualized Lifestyle Intervention on Weight and Body Composition with or Without a Swallowable Intragastric Balloon
OpenAlex,W4393199093,10.1002/adsr.202400017,,2024,Advanced Sensor Research,"Correction to “External Measurement of Swallowed Volume During Exercise Enabled by Stretchable Derivatives of PEDOT:PSS, Graphene, Metallic Nanoparticles, and Machine Learning”"
OpenAlex,W4285116934,10.32604/cmc.2022.029604,,2022,"Computers, materials & continua/Computers, materials & continua (Print)",Big Data Analytics with Artificial Intelligence Enabled Environmental Air Pollution Monitoring Framework
OpenAlex,W2786303362,10.1002/rse2.92,,2018,SHAREOK (University of Oklahoma),Automated Detection of Bird Roosts using NEXRAD Radar Data and Convolutional Neural Networks
OpenAlex,W4396904306,10.1007/s41870-024-01908-9,,2024,International Journal of Information Technology,OntoMG: a unique and ontological-based intelligent framework for early identification of myasthenia gravis (MG)
OpenAlex,W7160332236,10.3389/fmed.2026.1804250,,2026,Frontiers in Medicine,Swallowing impairment and aspiration risk in clinically stabilized patients hospitalized for acute respiratory events: a cohort-wide machine-learning analysis with COPD-specific insights
OpenAlex,W4409725913,10.1007/s00397-025-01492-0,,2025,Rheologica Acta,Data-driven psychorheology: application to yogurt sensory texture analysis
OpenAlex,W4409159235,10.1016/j.cej.2025.162176,,2025,Chemical Engineering Journal,Smart temperature sensors based on flexible CB/TPU/ PVDF membranes for eliminating pressure interference
OpenAlex,W2395178432,10.1007/978-3-662-44983-7_30,,2015,"Studies in classification, data analysis, and knowledge organization",Event Prediction in Pharyngeal High-Resolution Manometry
OpenAlex,W4387880353,10.3390/molecules28207224,,2023,Molecules,Analysis of Volatile Compounds in Processed Cream Cheese Models for the Prediction of “Fresh Cream” Aroma Perception
OpenAlex,W2979571859,10.1109/embc.2019.8857445,,2019,,A Novel Real-time Automatic Angioectasia Detection Method in Wireless Capsule Endoscopy Video Feed
OpenAlex,W4292811316,10.1155/2022/5476714,,2022,Computational Intelligence and Neuroscience,Preemptive Diagnosis of Alzheimer’s Disease in the Eastern Province of Saudi Arabia Using Computational Intelligence Techniques
OpenAlex,W3199999760,10.1016/j.compbiomed.2021.104871,,2021,Computers in Biology and Medicine,Artificial intelligence for quality control of oscillometry measures
OpenAlex,W3117262168,10.1007/978-981-15-8944-7_9,,2020,"Smart innovation, systems and technologies",Classification Method of Eating Behavior by Dietary Sound Collected in Natural Meal Environment
OpenAlex,W4398781615,10.3390/app14114480,,2024,Applied Sciences,Multi-Sensor Fusion Approach to Drinking Activity Identification for Improving Fluid Intake Monitoring
OpenAlex,W100304250,10.1007/978-0-85729-971-0_10,,2011,,Examination of the Temporomandibular Joint
OpenAlex,W4309368423,10.1111/gcb.16509,,2022,Global Change Biology,Quantifying long‐term phenological patterns of aerial insectivores roosting in the Great Lakes region using weather surveillance radar
OpenAlex,W4310681642,10.20944/preprints202212.0051.v1,,2022,Preprints.org,AI-based Detection of Aspiration for Video-endoscopy with Visual Aids in Meaningful Frames to Interpret the Model Outcome
OpenAlex,W4402270410,10.3389/fmars.2024.1437173,,2024,Frontiers in Marine Science,Recognition of feeding sounds of large-mouth black bass based on low-dimensional acoustic features
OpenAlex,W4405640320,10.3390/nano14242044,,2024,Nanomaterials,Flexible and Stable GaN Piezoelectric Sensor for Motion Monitoring and Fall Warning
OpenAlex,W3145113088,10.1007/978-3-030-72379-8_29,,2021,Communications in computer and information science,Classification of Eating Behaviors in Unconstrained Environments
OpenAlex,W3115695163,10.1007/978-981-15-8944-7_11,,2020,"Smart innovation, systems and technologies",Exploring Human Activities Using eSense Earable Device
OpenAlex,W4410212002,10.3390/s25102966,,2025,Sensors,A Systematic Review of Sensor-Based Methods for Measurement of Eating Behavior
OpenAlex,W1969491632,10.1016/j.eswa.2011.11.016,,2011,Expert Systems with Applications,An intelligent model for the classification of children’s occupational therapy problems
OpenAlex,W4391426370,10.1016/j.jmbbm.2024.106451,,2024,Journal of the mechanical behavior of biomedical materials/Journal of mechanical behavior of biomedical materials,Thermoplastic clear dental aligners under cyclic compression loading: A mechanical performance analysis using acoustic emission technique
OpenAlex,W4406849036,10.1113/jp287732,,2025,The Journal of Physiology,Cerebellar control of targeted tongue movements
OpenAlex,W3217338699,10.1007/978-3-030-80197-7_15,,2021,,Polymer-Based Swimming Nanorobots Driven by Chemical Fuels
OpenAlex,W4410109112,10.1016/j.specom.2025.103246,,2025,Speech Communication,Early identification of bulbar motor dysfunction in ALS: An approach using AFM signal decomposition
OpenAlex,W2489737358,10.1057/9781137344168_6,,2014,Palgrave Macmillan US eBooks,Falsifying the Prophet: Muhammad at the Hands of His Earliest Christian Biographers in the West
OpenAlex,W4403512854,10.1134/s1054661824700809,,2024,Pattern Recognition and Image Analysis,Population Generation Methods for Metaheuristic Algorithms Used to Construct Compact Fuzzy Classifiers of Medical Data
OpenAlex,W4255562741,10.1007/978-1-4302-4507-0_2,,2012,Apress eBooks,Eric Fossum
OpenAlex,W4384304536,10.1109/icsccc58608.2023.10176797,,2023,,Classification of Amyotrophic Lateral Sclerosis Patients using speech signals
OpenAlex,W4322731193,10.1109/idciot56793.2023.10053531,,2023,,A Methodology to Predict the Lung Cancer and its Adverse Effects on Patients from an Advanced Correlation Analysis Method
OpenAlex,W4254743023,10.1007/978-94-6091-955-8_17,,2012,SensePublishers eBooks,Swallow Light
OpenAlex,W4398174449,10.3389/fneur.2024.1396002,,2024,Frontiers in Neurology,A multimodal approach to automated hierarchical assessment of bulbar involvement in amyotrophic lateral sclerosis
OpenAlex,W4409949969,10.3390/ma18092014,,2025,Materials,Anti-Freezing Conductive Ionic Hydrogel-Enabled Triboelectric Nanogenerators for Wearable Speech Recognition
OpenAlex,W4379377728,10.22219/progresiva.v12i01.24933,,2023,Progresiva Jurnal Pemikiran dan Pendidikan Islam,Human Ontology in Critical Pedagogy and Its Implications for Multicultural Islamic Education
OpenAlex,W4406343598,10.1121/10.0035343,,2024,The Journal of the Acoustical Society of America,In-ear acoustic monitoring for swallow detection
OpenAlex,W4402929572,10.1101/2024.09.26.615128,,2024,bioRxiv (Cold Spring Harbor Laboratory),Cerebellar control of targeted tongue movements
OpenAlex,W2492314896,10.1057/9781137010520_11,,2012,Palgrave Macmillan US eBooks,Epilogue: Reflections and Refractions from the Southwest Borderlands
OpenAlex,W7116287182,10.1016/j.optlastec.2025.114535,,2025,Optics & Laser Technology,A flexible optical micro/nano fiber sensor for wearable human activity recognition
OpenAlex,W4414545988,10.1186/s12903-025-06768-8,,2025,BMC Oral Health,Segmental airway volume as a predictive indicator of postoperative extubation timing in patients with oral and maxillofacial space infections: a retrospective analysis
OpenAlex,W4414919308,10.1080/10447318.2025.2555632,,2025,International Journal of Human-Computer Interaction,Exploring Sensing Technologies for Tracking Healthy Eating Behaviors: Systematic Review
OpenAlex,W4415299526,10.3390/jimaging11100368,,2025,Journal of Imaging,Unsupervised Segmentation of Bolus and Residue in Videofluoroscopy Swallowing Studies
OpenAlex,W4412605566,10.71097/ijsat.v16.i3.7105,,2025,International Journal on Science and Technology,Prediction Of Lung Cancer Using Supervised Machine Learning
OpenAlex,W7123353370,10.22214/ijraset.2026.76911,,2026,International Journal for Research in Applied Science and Engineering Technology,Lung Cancer Detection using Python and Machine Learning
OpenAlex,W2256449294,10.1057/9780230297012_7,,2010,Palgrave Macmillan UK eBooks,The Poem that Ate America: Helen Maria Williams’s Ode on the Peace (1783)
OpenAlex,W4303437379,10.1101/2022.10.06.22280483,,2022,medRxiv,"Individual longitudinal compliance to neglected tropical disease mass drug administration programmes, a systematic review"
OpenAlex,W4395025859,10.1007/978-981-97-0327-2_34,,2024,Algorithms for intelligent systems,A Comparative Analysis of Lung Cancer Prediction Using Machine Learning Techniques
OpenAlex,W4393406149,10.1109/o-cocosda60357.2023.10482972,,2023,,Automated Diagnosis of Parkinson’s Disease using Speech Signals with Machine Learning
OpenAlex,W4399334572,10.17148/iarjset.2024.115112,,2024,IARJSET,LUNG CANCER PREDICTION USING MACHINE LEARNING
OpenAlex,W4416661489,10.1098/rspb.2025.2085,,2025,Proceedings of the Royal Society B Biological Sciences,A machine learning approach to facilitate parasitic egg identification in a conspecific brood parasite
OpenAlex,W7133351498,10.1016/j.pedhc.2026.01.009,,2026,Journal of Pediatric Health Care,Systematic Review of Studies Investigating Infant Feeding Difficulties: Focus on Machine Learning Applications
OpenAlex,W7162778802,10.1177/21695172261451702,,2026,Soft Robotics,Bioinspired Swallowing Soft Gripper with Toroidal Optical Waveguides for Multimodal Interactive Perception
OpenAlex,W4407907473,10.1177/02841851251315707,,2025,Acta Radiologica,Radiomics analysis of substantia nigra on multi-echo susceptibility map-weighted imaging for differentiating Parkinson’s disease from atypical parkinsonian syndromes
OpenAlex,W4393951910,10.1097/aln.0000000000004940,,2024,Anesthesiology,Evaluate Extubation in Neurosurgical Patients: Comment
OpenAlex,W4410139858,10.1101/2025.05.04.25326112,,2025,medRxiv,Development and Validation of a Machine Learning Model That Uses Voice to Predict Aspiration Risk
OpenAlex,W4414612470,10.1088/2631-7990/ae062e,,2025,International Journal of Extreme Manufacturing,"Highly sensitive, self-powered and ultra-stretchable amphibious ionogel artificial skin"
OpenAlex,W2505958082,10.1057/9781137397300_5,,2015,Palgrave Macmillan US eBooks,Latino/a Dramaturgy as Historiography
OpenAlex,W4412092538,10.1080/21678421.2025.2522399,,2025,Amyotrophic Lateral Sclerosis and Frontotemporal Degeneration,Feature selection using metaheuristics to predict annual amyotrophic lateral sclerosis progression
OpenAlex,W7127633684,10.2196/86069,,2026,JMIR Formative Research,Prediction of Aspiration Risk by Using Vocal Biomarkers: Machine Learning Development and Validation Study
OpenAlex,W7135039770,10.1044/2025_persp-25-00140,,2026,Perspectives of the ASHA Special Interest Groups,Enhancing the Assessment of Deglutition Function in Preterm Infants With Mechano-Acoustic Analysis and Machine Learning: A Narrative Review
OpenAlex,W4411004152,10.21203/rs.3.rs-6717675/v1,,2025,Research Square,Machine Learning Framework for Longitudinal Functional Decline and Time-to-Event Prediction
OpenAlex,W4412905280,10.53963/pjmr.2024.003.1,,2024,Polaris – Journal of Maritime Research,IDENTIFICATION AND ASSESSMENT OF MARINE DEBRIS USING SATELLITE AND AERIAL IMAGERY IN COASTAL WATERS OF KARACHI: IMPACTS ON MARINE AND COASTAL ENVIRONMENT
OpenAlex,W2518782977,,,2016,SMARTech Repository (Georgia Institute of Technology),Towards automatic food intake monitoring using wearable sensor-based systems
OpenAlex,W2504869613,10.1057/9780230115385_5,,2010,Palgrave Macmillan US eBooks,"Digesting Race, Class, and Gender"
OpenAlex,W4415805502,10.25303/1812da071079,,2025,Disaster Advances,Data Mining and Machine Learning for Predicting and Managing Flooding Disasters in Coastal and Riverine Areas
OpenAlex,W7106098154,10.6084/m9.figshare.c.8156626,,2025,Figshare,"Supplementary material from ""A machine learning approach to facilitate parasitic egg identification in a conspecific brood parasite"""
OpenAlex,W7106168940,10.6084/m9.figshare.c.8156626.v1,,2025,Figshare,"Supplementary material from ""A machine learning approach to facilitate parasitic egg identification in a conspecific brood parasite"""
OpenAlex,W7133540871,10.2196/preprints.86069,,2025,,Prediction of Aspiration Risk by Using Vocal Biomarkers: Machine Learning Development and Validation Study (Preprint)
OpenAlex,W7147434908,10.1016/j.radonc.2026.111521,,2026,Radiotherapy and Oncology,Explainable machine learning to predict muscle loss during radiotherapy for oral cavity cancer
OpenAlex,W4415484235,10.1101/2025.10.22.25337435,,2025,medRxiv,Machine learning predicts treatment response to nusinersen in non-sitter Spinal Muscular Atrophy (SMA).
OpenAlex,W4232214138,10.35940/ijeat.b2568.129219,,2019,International Journal of Engineering and Advanced Technology,Classification of Spinal Muscle Atrophy Disease using SVM in Machine Learning
OpenAlex,W4399479522,10.54941/ahfe1004703,,2024,AHFE international,Validation of Wearable Biosignal Sensor-based Estimation of the Physiological Strain Index Using Gaussian Process Regression
OpenAlex,W4404631641,10.1101/2024.11.22.624802,,2024,bioRxiv (Cold Spring Harbor Laboratory),Machine learning outcompetes human assessment in identifying eggs of a conspecific brood parasite
OpenAlex,W4403045810,10.12694/scpe.v25i6.3311,,2024,Scalable Computing Practice and Experience,Machine Learning based Lung Cancer Diagnostic System using Optimized Feature Subset Selection
OpenAlex,W7161113615,10.1109/mpcon69668.2026.11508585,,2026,,Machine Learning Framework for Early Lung Cancer Risk Prediction Using Patient-Reported Clinical Data
OpenAlex,W2898622234,,,2018,OhioLink ETD Center (Ohio Library and Information Network),Distinguishing Behavior from Highly Variable Neural Recordings Using Machine Learning
OpenAlex,W4391174004,,,2024,PubMed,Post-extubation Assessment of Laryngeal Symptoms and Severity (PALSS) in the Intensive Care Unit: Protocol of a Prospective Cohort Study.
OpenAlex,W7134273308,10.5281/zenodo.18923898,,2026,Zenodo (CERN European Organization for Nuclear Research),Automating Herbal Drug Discovery: A Web-Based Pipeline Integrating Machine Learning and Dynamic Molecular Docking
OpenAlex,W7162689919,10.1200/jco.2026.44.16_suppl.e22575,,2026,Journal of Clinical Oncology,Identifying sex-specific symptom-based predictors of lung cancer risk using explainable machine learning.
OpenAlex,W7134237636,10.5281/zenodo.18923899,,2026,Open MIND,Automating Herbal Drug Discovery: A Web-Based Pipeline Integrating Machine Learning and Dynamic Molecular Docking
OpenAlex,W4416445214,10.1007/s40203-025-00401-w,,2025,In Silico Pharmacology,Targeting the core: C9ORF72 antagonists as pioneers in amyotrophic lateral sclerosis therapy—a computational and machine learning based approach
OpenAlex,W2948656522,10.6084/m9.figshare.c.4531727.v1,,2019,Figshare,"Supplementary material from ""Reconstruction of long-distance bird migration routes using advanced machine learning techniques on geolocator data"""
OpenAlex,W7161117101,10.1007/978-3-032-21514-7_10,,2026,Communications in computer and information science,Predicting the Next Clinical Event in Amyotrophic Lateral Sclerosis Using Process-Oriented Machine Learning Models: A Case Study
OpenAlex,W7154667719,,,2025,Padua Research Archive (University of Padova),Predicting the Next Clinical Event in Amyotrophic Lateral Sclerosis using Process-Oriented Machine Learning Models: A Case Study
OpenAlex,W4405713468,10.2139/ssrn.5065545,,2024,SSRN Electronic Journal,Refining Early Detection of Marburg Virus Disease (Mvd) in Rwanda: Leveraging Predictive Symptom Clusters to Enhance Case Definitions
OpenAlex,W4388281662,10.21203/rs.3.rs-3437583/v1,,2023,Research Square,Combined Unsupervised Machine Learning and clinical cohort for phenotyping complex diseases with its application to Amyotrophic lateral sclerosis
OpenAlex,W2027997059,10.1093/cjres/rsu034,,2015,Cambridge Journal of Regions Economy and Society,Thinking about smart cities
OpenAlex,W2464199381,10.1057/9781137482846_1,,2015,Palgrave Macmillan US eBooks,“Swallowed up in the one great tragedy”: World War I and The Waste Land
OpenAlex,W7156598392,10.17605/osf.io/6bhpk,,2026,Open MIND,"Digital Biomarkers of Oromotor, Feeding, and Swallowing Function in Preterm and At-Risk Infants: A Scoping Review of Video-, Sensor-, and AI-Based Tools"
OpenAlex,W7129211311,10.21203/rs.3.rs-8494694/v1,,2026,Research Square,Risk prediction of progression of reflux esophagitis based on contrast-enhanced ultrasound technology and machine learning
OpenAlex,W287865222,,,2014,eScholarship (California Digital Library),"Human Monkeypox in the Democratic Republic of Congo: Presentation, Prediction and Animal Exposures Associated with Rash Severity"
OpenAlex,W7164336835,10.1109/ismvl68998.2026.00019,,2026,,Human-Feasible Swallowing Posture Optimization with a Body Motion Link Model for Aspiration Risk Reduction
OpenAlex,W4308439575,10.1002/jgf2.589,,2022,Journal of General and Family Medicine,Appearance of a sore throat caused by the <scp>SARS‐CoV</scp>‐2 Omicron variant
OpenAlex,W7147452295,10.3389/fmed.2026.1735311,,2026,Frontiers in Medicine,Quantifying clinical indicators for identifying and prognosticating aspiration pneumonia in Chinese geriatric patients: a retrospective cohort study integrating multivariable regression and interpretable machine learning
OpenAlex,W4308523079,10.1016/j.irbm.2022.11.001,,2022,IRBM,Grouping Intrinsic Mode Functions and Residue for Pathological Classifications via Electroglottograms
OpenAlex,W4409830064,10.31543/jii.v8i2.351,,2024,Jurnal IPTEK,Implementasi Machine Learning untuk Klasifikasi Penyakit Kanker Paru Menggunakna Metode Naïve Bayes dengan Tambahan Fitur Chatbot
OpenAlex,W4402362009,10.1115/1.4066459,,2024,Journal of Engineering and Science in Medical Diagnostics and Therapy,Infants Sucking Pattern Identification Using Machine-Learned Computational Modeling
OpenAlex,W4210288691,10.2196/preprints.21331,,2020,,Detection of Bulbar Involvement in Patients With Amyotrophic Lateral Sclerosis by Machine Learning Voice Analysis: Diagnostic Decision Support Development Study (Preprint)
OpenAlex,W4413801123,10.1007/978-3-031-94623-3_1,,2025,Lecture notes in networks and systems,Enhancing the Prediction and Classification Performance of Alzheimer Diseases Using Voting Rule of Ensemble Learning
OpenAlex,W4320507622,10.36080/bit.v19i2.2136,,2022,Bit (Fakultas Teknologi Informasi Universitas Budi Luhur),"Application Of The Finite State Machine Algorithm On Android Based ""Si Jampang"" Game"
OpenAlex,W4409382679,10.1007/978-3-031-85923-6_15,,2025,Communications in computer and information science,"The Vital Role of Small and Marginal Farmer in Future of Our Climate: Democratization of Machine Learning, Artificial Intelligence, and Dairy Cow Necklace Sensors in Achieving the UN Climate Change Goals (COP21) and the Paris Agreement"
OpenAlex,W2987728487,10.1093/envhis/emz067,,2019,Environmental History,"<i> The Politics of Water in Post-War Britain. </i> By Glen O’Hara. London: Palgrave Macmillan, 2017. ix + 313 pp. Illustration, notes, bibliography, and index. Cloth $109.99, e-book $84.99."
OpenAlex,W4244331012,10.1007/978-3-642-34988-1_13,,2013,,Vital Functions
OpenAlex,W7110599341,,,2019,OpenMETU (Middle East Technical University),Yenidoğan bebeklerin beslenme sesi üzerinden yutma anlarını bölütleme ve sınıflandırma yöntemleri
OpenAlex,W7132819098,10.1002/adhm.202505765,,2026,Advanced Healthcare Materials,Skin‐Interfaced Wireless Biomechanical System for Detecting Aspiration in Elderly Populations
OpenAlex,W7162498789,10.1002/adhm.v15.20,,2026,Advanced Healthcare Materials,
OpenAlex,W7162504161,10.1002/adhm.71244,,2026,Advanced Healthcare Materials,Skin‐Interfaced Wireless Biomechanical System for Detecting Aspiration in Elderly Populations (Adv. Healthcare Mater. 20/2026)
OpenAlex,W2337760512,10.25335/f5ms-jt75,,2014,Michigan State University Libraries,Diet monitoring through breathing signal analysis using wearable sensors
OpenAlex,W4408137113,10.2174/0127726215335752250226060859,,2025,Frontiers in Cell Science,Quantitative Analysis of Mastication Electromyography Data. Application in Chewing Behavior of Three Types of Gels.
OpenAlex,W2409856250,10.1057/9781137014795_14,,2012,Palgrave Macmillan US eBooks,Epilogue: Looking Back on the Decade in which Conservatism “Grew Up”
OpenAlex,W4409204945,10.1134/s1054661824701384,,2024,Pattern Recognition and Image Analysis,Methods for Binarization of Metaheuristic Algorithms for Constructing Compact Fuzzy Classifiers of Medical Data
OpenAlex,W4410399716,10.1007/978-3-031-64719-2_49,,2025,,Magnet-Controlled Capsule Endoscopy of the Upper Gastrointestinal Tract
OpenAlex,W4220814772,10.1016/j.ijsu.2022.106595,,2022,International Journal of Surgery,Editor’s Perspective March 2022
OpenAlex,W3091749280,10.1213/ane.0000000000005253,,2020,Anesthesia & Analgesia,Critical Obstetric Patients During the Coronavirus Disease 2019 Pandemic: Operationalizing an Obstetric Intensive Care Unit
OpenAlex,W2416264121,10.1057/9780230369764_18,,2012,Palgrave Macmillan UK eBooks,The drive for money
OpenAlex,W4230294623,10.1057/9781137264756_17,,2012,Palgrave Macmillan UK eBooks,Epilogue
OpenAlex,W2912462841,10.1161/str.50.suppl_1.tp174,,2019,Stroke,Abstract TP174: Clustering and Predicting Functional Recovery Patterns of the First-ever Ischemic Stroke Using Artificial Intelligence: The KOSCO Study
OpenAlex,W2470036769,10.1057/9781137513533_3,,2015,Palgrave Macmillan US eBooks,Erotic Embarras and the Fetish Object
OpenAlex,W7117741250,10.4103/jmp.jmp_140_25,,2025,Journal of Medical Physics,Advancements in Body Sound Diagnostics: Exploring Acoustic Signals for Medical Applications and Future Research Directions
OpenAlex,W7160278924,10.1002/admt.71027,,2026,Advanced Materials Technologies,Iontronic Capacitive Pressure Sensors With Enhanced Sensitivity Enabled by an Ionic Asymmetric Fiber Mat
OpenAlex,W4414841024,10.1007/s13760-025-02904-x,,2025,Acta Neurologica Belgica,"Predicting cognitive decline using tongue pressure: a novel, non-invasive screening strategy for dementia in geriatric dentistry"
OpenAlex,W7160320999,10.1097/mco.0000000000001229,,2026,Current Opinion in Clinical Nutrition & Metabolic Care,Artificial intelligence in nutritional assessment and decision making
OpenAlex,W4252076659,10.2196/preprints.21631,,2020,,An EMG-based Eating Behaviour Monitoring System with Haptic Feedback to Promote Mindful Eating (Preprint)
OpenAlex,W4413971304,,,2025,PubMed,New Approaches to Screening for Barrett Esophagus.
OpenAlex,W7143542398,10.1109/decon67170.2025.11447916,,2025,,An Overview of Artificial Intelligence in Neuro-Oncology: Early Tumor Detection
OpenAlex,W4410200917,10.1101/2025.04.30.651533,,2025,bioRxiv (Cold Spring Harbor Laboratory),Individualized AI-driven neuromodulation enhances tongue motor and sensory control networks: a precision intervention for neurorehabilitation in cancer survivors and patients with neurodegenerative disease
OpenAlex,W7167258591,10.1002/9781394293346.ch34,,2026,,The Food Oral Processing Framework
OpenAlex,W4412174727,10.1201/9781003509608-10,,2025,,Nanorobots in the Treatment of Cancer
OpenAlex,W2496659618,10.1057/9780230119635_8,,2011,Palgrave Macmillan US eBooks,Of Subordinates and the President
OpenAlex,W2506228809,10.1057/9780230109971_5,,2010,Palgrave Macmillan US eBooks,Exceeding the Frame
OpenAlex,W2481907038,10.1057/9780230119697_4,,2011,Palgrave Macmillan US eBooks,"“In a Thick Crowd of Sounds, But Still Intelligibly Enough to Be Understood”"
OpenAlex,W7167456606,10.1007/978-3-032-29615-3_6,,2026,Signals and communication technology,The Lung Cancer Risk Prediction (LCRP) Agent
OpenAlex,W2503409560,10.1057/9780230109117_3,,2010,Palgrave Macmillan US eBooks,"Sparagmous, or “The Crucified”"
OpenAlex,W4415554543,10.1007/978-981-95-2098-5_11,,2025,Lecture notes in computer science,Mamdani Fuzzy Assessment System for Oral Motor Exercise Tasks
OpenAlex,W7160280820,10.1016/j.cej.2026.176983,,2026,Chemical Engineering Journal,A multifunctional full-field strain sensor based on porous curled TPU/PAN-MXene nanofibers for intelligent gesture recognition and human motion monitoring
OpenAlex,W4242530457,10.1057/9781137564771_1,,2016,Palgrave Macmillan US eBooks,Introduction
OpenAlex,W2480121869,10.1057/9781137026927_3,,2012,Palgrave Macmillan US eBooks,Askari and Firaq: Personal Relations in Life and Letters
OpenAlex,W2490831599,10.1057/9780230119949_3,,2011,Palgrave Macmillan US eBooks,Posing as Subject: Exchange and the Art of Access in Trinidad
OpenAlex,W2481510532,10.1057/9781137339218_4,,2013,Palgrave Macmillan US eBooks,A Tale of Two States: Between an Epidemic and a Sanitary Spain
OpenAlex,W2417572287,10.1057/9781137439246_7,,2015,Palgrave Macmillan UK eBooks,Silvio’s Party
OpenAlex,W4408137955,10.53894/ijirss.v8i1.5040,,2025,International Journal of Innovative Research and Scientific Studies,Non-image lung cancer prediction utilizing KNN model promoting health consciousness
OpenAlex,W2504214823,10.1057/9780230339590_3,,2011,Palgrave Macmillan US eBooks,“Damn Everything But the Circus!”: The Ambiguous Place of Popular Culture in E. E. Cummings’ Him
OpenAlex,W3186559679,,,2018,,Implementasi Program Keluarga Harapan (PKH) Dalam Mencegah Anak Putus Sekolah (Studi Kasus di Desa Ngumbul Kecamatan Todanan Kabupaten Blora Tahun 2017)
OpenAlex,W4411880180,10.1152/physiol.2025.40.s1.0879,,2025,Physiology,Genioglossus sarcomere and mitochondria morphology in a rodent model of hypoglossal motor neuron death
OpenAlex,W7160522088,10.21203/rs.3.rs-9436986/v1,,2026,Research Square,Radiomic Analysis of Nigrosome-1 on 3.0T Susceptibility-Weighted Imaging for Characterizing Asymmetric Degeneration in Parkinson’s Disease
OpenAlex,W7161112102,10.48550/arxiv.2605.13623,,2026,arXiv (Cornell University),Multimodal Graph-based Classification of Esophageal Motility Disorders
OpenAlex,W7161354757,,,2026,arXiv (Cornell University),Multimodal Graph-based Classification of Esophageal Motility Disorders
OpenAlex,W2497517110,10.1057/9781137440631_6,,2014,Palgrave Macmillan US eBooks,"No Christ, No Jesus"
OpenAlex,W4408048735,10.1109/icac2n63387.2024.10895765,,2024,,Lung Cancer Detection Using CNN
OpenAlex,W7163911510,10.7704/kjhugr.2026.0010,,2026,The Korean Journal of Helicobacter and Upper Gastrointestinal Research,Endoscopic Treatment of Upper Gastrointestinal Bleeding
OpenAlex,W7166494901,,,2026,Repository of the Academy's Library (Library of the Hungarian Academy of Sciences),Innovációk és alkalmazások a magyar artikulációs fonetikában = Innovations and applications in Hungarian articulatory phonetics
OpenAlex,W4415723348,10.52783/jisem.v10i61s.13353,,2025,Journal of Information Systems Engineering & Management,Artificial Intelligence in 3D Printing of Foods: From Ingredient Dispensing to Personalized Nutrition
OpenAlex,W7134804934,10.5281/zenodo.18945548,,2025,Open MIND,How tolerant of errors is AI? Using a learner corpus to explore human-AI interactions
OpenAlex,W7134854500,10.5281/zenodo.18945547,,2025,Zenodo (CERN European Organization for Nuclear Research),How tolerant of errors is AI? Using a learner corpus to explore human-AI interactions
OpenAlex,W2505819585,10.1057/9780230297661_7,,2010,Palgrave Macmillan UK eBooks,Exile to Settlement
OpenAlex,W7167024378,10.3389/fendo.2026.1843556,,2026,Frontiers in Endocrinology,Smart thyroid-regulated drug delivery systems: a review of intelligent biosensor-integrated therapeutics for precision thyroxine replacement
OpenAlex,W4221140678,10.1371/journal.pdig.0000061,,2022,PLOS Digital Health,A pilot study of the Earable device to measure facial muscle and eye movement tasks among healthy volunteers
OpenAlex,W7110818349,10.5005/jp-journals-11002-006,,2023,Monash University Research Portal (Monash University),Digital stethoscope use in neonates:a systematic review
OpenAlex,W4405256965,10.22416/1382-4376-2024-34-5-32-39,,2024,Russian Journal of Gastroenterology Hepatology Coloproctology,Own Experience in the Use of Artificial Intelligence Technologies in the Diagnosis of Esophageal Achalasia
OpenAlex,W3211878256,10.6082/sz2jj-n0544,,2021,Open MIND,Neuromechanics of the Primate Tongue During Feeding
OpenAlex,W4415066981,10.1136/bmjopen-2025-103704,,2025,BMJ Open,"Understanding the complexity of living with, and managing, secretions in motor neuron disease/amyotrophic lateral sclerosis (MND/ALS/ALS): protocol for a complex intervention systematic review"
OpenAlex,W3081516296,,,2020,eScholarship (California Digital Library),Metallic Nanoislands on Two-Dimensional Supports as Mechanical Biosensors
OpenAlex,W7128731454,10.64898/2026.02.10.705113,,2026,bioRxiv (Cold Spring Harbor Laboratory),Real-time measurement of short-chain fatty acids via microwave sensing: A pilot study
OpenAlex,W4401376256,10.36399/surgo.1.289,,2024,Surgo.,Student Spotlight - Elective Stories
OpenAlex,W4387520580,10.1111/rsr.16689,,2023,Religious Studies Review,Thinking about John Thinking about Cognitive Scientists Thinking about Religion
OpenAlex,W2167467371,10.1016/j.mayocp.2014.01.016,,2014,Mayo Clinic Proceedings,Pediatrics Practice at Mayo Clinic—A Historical Vignette
OpenAlex,W4385371975,10.1016/j.mcpdig.2023.06.009,,2023,Mayo Clinic Proceedings Digital Health,Thoughts and Considerations of Studies on Smart Devices for Cerebrovascular Disease Detection and Progression Monitoring
OpenAlex,W4413934676,10.1111/1747-0080.70044,,2025,Nutrition & Dietetics,Advancing dietary assessment in nutrition and dietetics
OpenAlex,W4411182038,10.5325/tpnc.2.1.0112,,2025,Theatre and Performance Notes and Counternotes,The Artifice of the Human
OpenAlex,W4376626506,10.1093/astrogeo/atad019,,2023,Astronomy & Geophysics,News in Astronomy &amp; Geophysics – June 2023
OpenAlex,W4391560643,10.14321/fourthgenre.26.1.0194,,2024,Fourth Genre Explorations in Nonfiction,Behind the Fence
OpenAlex,W4240079175,10.4103/jqsh.jqsh_00_00,,2018,Global Journal on Quality and Safety in Healthcare,"Conference Proceedings for the International Forum on Quality Cancer Care September 8 and 9, 2018"
OpenAlex,W4385516157,10.3389/fneur.2023.1212024,,2023,Frontiers in Neurology,Swallowing sound evaluation using an electronic stethoscope and artificial intelligence analysis for patients with amyotrophic lateral sclerosis
OpenAlex,W4387558887,10.1016/j.jns.2023.120831,,2023,Journal of the Neurological Sciences,Swallowing sound index analysis using electronic stethoscope and artificial intelligence for patients with Parkinson's disease
OpenAlex,W4301211643,10.1109/iciem54221.2022.9853081,,2022,2022 3rd International Conference on Intelligent Engineering and Management (ICIEM),"Artificial Intelligence, Cognitive Robotics and Nature of Consciousness"
OpenAlex,W4312066891,10.15403/jgld-4525,,2022,Journal of Gastrointestinal and Liver Diseases,Automatic Diagnosis of High-Resolution Esophageal Manometry Using Artificial Intelligence
OpenAlex,W4389546702,10.17504/protocols.io.rm7vzxq42gx1/v1,,2023,,Applications based on Artificial Intelligence for swallowing analysis described in the literature: Scope Review v1
OpenAlex,W2801185502,10.1039/c8nr02813c,,2018,Nanoscale,A flexible pressure sensor based on rGO/polyaniline wrapped sponge with tunable sensitivity for human motion detection
OpenAlex,W4387440671,10.1021/acsnano.3c04284,,2023,ACS Nano,"Optical Integration in Wearable, Implantable and Swallowable Healthcare Devices"
OpenAlex,W4323043503,10.3390/diagnostics13050960,,2023,Diagnostics,Application of Artificial Intelligence in Measuring Novel pH-Impedance Metrics for Optimal Diagnosis of GERD
OpenAlex,W4283710487,10.1007/s10388-022-00933-6,,2022,Esophagus,Clinical use of mean nocturnal baseline impedance and post-reflux swallow-induced peristaltic wave index for the diagnosis of gastro-esophageal reflux disease
OpenAlex,W4387358868,10.1016/j.jaad.2023.09.072,,2023,Journal of the American Academy of Dermatology,Assessing the ability of an artificial intelligence chatbot to translate dermatopathology reports into patient-friendly language: A cross-sectional study
OpenAlex,W3006326294,10.1002/lio2.362,,2020,Laryngoscope Investigative Otolaryngology,Prediction of vestibular schwannoma recurrence using artificial neural network
OpenAlex,W4384027097,10.2139/ssrn.4501543,,2023,SSRN Electronic Journal,Tools Do Not Create: Human Authorship in the Use of Generative Artificial Intelligence
OpenAlex,W3026334777,10.1016/j.cej.2020.125547,,2020,Chemical Engineering Journal,"Constructing stimuli-free self-healing, robust and ultrasensitive biocompatible hydrogel sensors with conductive cellulose nanocrystals"
OpenAlex,W4390885549,10.3390/ani14020256,,2024,Animals,Development of a Dog Health Score Using an Artificial Intelligence Disease Prediction Algorithm Based on Multifaceted Data
OpenAlex,W2620079767,10.1021/acsami.7b05204,,2017,ACS Applied Materials & Interfaces,"Self-Healing, Highly Sensitive Electronic Sensors Enabled by Metal–Ligand Coordination and Hierarchical Structure Design"
OpenAlex,W2904052713,10.2139/ssrn.3278490,,2018,SSRN Electronic Journal,‘Equality and Privacy by Design’: Ensuring Artificial Intelligence (AI) Is Properly Trained &amp;amp; Fed: A New Model of AI Data Transparency &amp;amp; Certification As Safe Harbor Procedures
OpenAlex,W3135216471,10.1021/acsami.0c21598,,2021,ACS Applied Materials & Interfaces,Superstretching MXene Composite Hydrogel as a Bidirectional Stress Response Thixotropic Sensor
OpenAlex,W4313247522,10.29328/journal.jro.1001044,,2022,Journal of Radiology and Oncology,"Radiation-induced salivary gland damage/dysfunction in head and neck cancer: Nano-bioengineering strategies and artificial intelligence for prevention, therapy and reparation"
OpenAlex,W4312114317,10.1021/acsami.2c18441,,2022,ACS Applied Materials & Interfaces,"Chestnut-Tannin-Crosslinked, Antibacterial, Antifreezing, Conductive Organohydrogel as a Strain Sensor for Motion Monitoring, Flexible Keyboards, and Velocity Monitoring"
OpenAlex,W4408401488,10.1109/aece62803.2024.10911528,,2024,,Automated Artificial Intelligence Integrated Iot Based Sericulture Farm Design
OpenAlex,W3205647149,10.1016/j.compositesa.2021.106671,,2021,Composites Part A Applied Science and Manufacturing,Compressible and robust PANI sponge anchored with erected MXene flakes for human motion detection
OpenAlex,W2805293970,10.1016/j.orgel.2018.06.008,,2018,Organic Electronics,"Flexible, high-sensitive, and wearable strain sensor based on organic crystal for human motion detection"
OpenAlex,W4410934720,10.1007/s12070-025-05540-2,,2025,Indian Journal of Otolaryngology and Head & Neck Surgery,A Comprehensive Review of Diagnostic Approaches to Vocal Fold Paralysis Using Artificial Intelligence
OpenAlex,W4290096636,10.5194/isprs-archives-xlviii-4-w1-2022-51-2022,,2022,"The international archives of the photogrammetry, remote sensing and spatial information sciences/International archives of the photogrammetry, remote sensing and spatial information sciences",LAYING THE FOUNDATION FOR AN ARTIFICIAL NEURAL NETWORK FOR PHOTOGRAMMETRIC RIVERINE BATHYMETRY
OpenAlex,W7128373350,10.3390/bioengineering13020195,,2026,Bioengineering,"Digital and Intelligent Rehabilitation Technologies in Stroke and Neurological Disorders: A Systematic Review of Artificial Intelligence, Virtual Reality, Gamification, and Emerging Therapeutic Platforms in Neurorehabilitation"
OpenAlex,W3088409007,10.1055/a-1210-4830,,2020,Endoscopy International Open,How to read small bowel capsule endoscopy: a practical guide for everyday use
OpenAlex,W4327733604,10.1007/s42114-023-00653-0,,2023,Advanced Composites and Hybrid Materials,Multi-functional and multi-responsive layered double hydroxide-reinforced polyacrylic acid composite hydrogels as ionic skin sensors
OpenAlex,W4388776982,10.1044/2023-0928-podcast-slp-ai-swallowing-disorder,,2023,Default Digital Object Group,ASHA Voices: Swallowing Disorders and Artificial Intelligence
OpenAlex,W4387127770,10.1044/2023-0928-transvoices-slp-ai-swallowing-disorder,,2023,,Transcript: ASHA Voices: Swallowing Disorders and Artificial Intelligence
OpenAlex,W4402464688,10.7759/cureus.69127,,2024,Cureus,Comparative Evaluation of Speech Quality Before and After Functional Palatal Recontouring in Complete Dentures using Artificial Intelligence: A Study Protocol
OpenAlex,W7112484323,,,2025,Lume (Universidade Federal do Rio Grande do Sul),Artificial Intelligence-based applications used for swallowing analysis: scoping review
OpenAlex,W3131608392,10.1109/jsen.2021.3060425,,2021,IEEE Sensors Journal,Flexible Pressure Sensor Based on Molybdenum Diselide/Multi-Walled Carbon Nanotubes for Human Motion Detection
OpenAlex,W4414429224,10.26226/m.686249b901453d0e51433f12,,2025,,Artificial Intelligence in Videofluroscopy and Fibreoptic Endoscopic Evaluation of Swallowing Analysis: A Scoping review
OpenAlex,W4414991391,10.2468/jbes.76.264,,2025,Nihon Kikan Shokudoka Gakkai Kaiho,Flexible Endoscopic Evaluation of Swallowing with Artificial Intelligence-Assisted Computer-Aided Diagnosis
OpenAlex,W4396224996,10.22452/ijeas.vol13no1.2,,2024,International Journal of East Asian Studies,BTS’S MAGICAL SPELL IN THE AGE OF ARTIFICIAL INTELLIGENCE: THE POISONED CHALICE OF FREEDOM THAT I SWALLOWED KNOWINGLY
OpenAlex,W4200401782,10.1016/j.colsurfa.2021.128182,,2021,Colloids and Surfaces A Physicochemical and Engineering Aspects,"Conductive and eco-friendly gluten/MXene composite organohydrogels for flexible, adhesive, and low-temperature tolerant epidermal strain sensors"
OpenAlex,W7116878809,10.3390/diagnostics16010045,,2025,Diagnostics,Multi-Center Validation of Artificial Intelligence-Based Video Analysis Platform for Automatic Evaluation of Swallowing Disorders
OpenAlex,W3027633833,10.1016/s0016-5085(20)30762-9,,2020,Gastroenterology,149 ARTIFICIAL INTELLIGENCE AUTOMATES EVALUATION OF BASELINE IMPEDANCE FROM PH-IMPEDANCE STUDIES AND PREDICTS SYMPTOM OUTCOME IN GASTRO-ESOPHAGEAL REFLUX DISEASE (GERD)
OpenAlex,W4407713243,10.56315/pscf3-25kurzweil,,2025,Perspectives on Science and Christian Faith,The Singularity Is Nearer: When We Merge with AI
OpenAlex,W4389738243,10.4236/oalib.1110972,,2023,OALib,Teaching Reform and Research of Electrical Engineering and Electronics in the Context of New Engineering Career Swallow
OpenAlex,W4408389077,10.1016/j.matdes.2025.113811,,2025,Materials & Design,Liquid Metal-Graphene composite conductive nanofiber flexible pressure sensor for dynamic health monitoring
OpenAlex,W4221077485,10.1007/s00415-022-11022-0,,2022,Journal of Neurology,"Predicting functional impairment trajectories in amyotrophic lateral sclerosis: a probabilistic, multifactorial model of disease progression"
OpenAlex,W4401708435,10.1007/978-3-031-68639-9_4,,2024,Communications in computer and information science,A BERT-Based Chatbot to Support Cancer Treatment Follow-Up
OpenAlex,W4210419703,10.1002/adhm.202102508,,2022,Advanced Healthcare Materials,Sublingual Boosting with a Novel Mucoadhesive Thermogelling Hydrogel Following Parenteral CAF01 Priming as a Strategy Against <i>Chlamydia trachomatis</i>
OpenAlex,W4283527118,10.1007/s40496-022-00314-z,,2022,Current Oral Health Reports,Roles of Dental Care in Disaster Medicine in Japan
OpenAlex,W4386032343,10.3390/diagnostics13162714,,2023,Diagnostics,Automatic Detection System for Velopharyngeal Insufficiency Based on Acoustic Signals from Nasal and Oral Channels
OpenAlex,W7162774265,10.1186/s12877-026-07666-6,,2026,BMC Geriatrics,"The impact of an artificial intelligence (AI)-assisted education program on mental health, social support and quality of life in older individuals with head and neck cancer: study protocol of a randomized controlled trial"
OpenAlex,W4391481366,10.1016/j.phro.2024.100540,,2024,Physics and Imaging in Radiation Oncology,Clinical acceptability of automatically generated lymph node levels and structures of deglutition and mastication for head and neck radiation therapy
OpenAlex,W4388599050,10.1016/j.jaad.2023.11.008,,2023,Journal of the American Academy of Dermatology,ChatRx: ChatGPT’s potential to educate patients on medication adverse effects
OpenAlex,W17682478,10.1007/978-3-319-04879-6_5,,2014,,Networks of Influence
OpenAlex,W4408077353,10.1007/s00405-025-09295-y,,2025,European Archives of Oto-Rhino-Laryngology,Is there any room for ChatGPT AI bot in speech-language pathology?
OpenAlex,W4414641512,10.1021/acsapm.5c01340,,2025,ACS Applied Polymer Materials,"Self-Healing, Ultra Stretchable, Antifreezing, and Antidrying Gelatin-Based Eutectogels Containing Polymerizable Deep Eutectic Solvent for Advanced Motion Sensing"
OpenAlex,W4402847742,10.1021/acsaelm.4c01385,,2024,ACS Applied Electronic Materials,High-Performance Flexible Strain Sensor Based on Thermoplastic Polyurethane Melt-Blown Nonwoven with Molybdenum Disulfide for Human Motion Monitoring
OpenAlex,W4362663331,10.1016/j.jmrt.2023.04.005,,2023,Journal of Materials Research and Technology,"Integration of high strength, resilience and stretchability into the nanocomposite hydrogel sensor for a wide working range detection and underwater sensing"
OpenAlex,W4403160670,10.1021/acsanm.4c04636,,2024,ACS Applied Nano Materials,Multifunctional Flexible Sensor with the Hybrid Staggered-Rib Conductive Network for Intelligent Recognition of Human Biomechanical and Electrophysiological Signals
OpenAlex,W2937098416,10.1145/3293614.3293627,,2018,,An Investigation on the use of Ontologies for pattern classification - Study applied to the monitoring of food intake
OpenAlex,W4410880850,10.1007/978-3-031-93160-4_14,,2025,Lecture notes in computer science,Interactive AI-Driven Platform for the Traditional Kite Patterns Design
OpenAlex,W4413914123,10.1007/s40263-025-01217-0,,2025,CNS Drugs,Genetic and Mechanistic Insights Inform Amyotrophic Lateral Sclerosis Treatment and Symptomatic Management: Current and Emerging Therapeutics and Clinical Trial Design Considerations
OpenAlex,W4416395844,10.1021/acssuschemeng.5c08904,,2025,ACS Sustainable Chemistry & Engineering,Lignin-Containing Cellulose Nanofibers Enhanced PVA/MXene Hydrogels: Combining Toughness and Conductivity for Durably Wearable Sensing
OpenAlex,W4281609982,10.47065/bits.v3i4.1203,,2022,Building of Informatics Technology and Science (BITS),Sistem Pakar Diagnosa Penyakit ISPA dengan Metode Forward Chaining
OpenAlex,W4409012954,10.1016/j.bpg.2025.102005,,2025,Best Practice & Research Clinical Gastroenterology,Novel devices and biomarkers in screening for esophageal squamous cell cancer
OpenAlex,W4387104586,10.5005/jp-journals-11002-0068,,2023,Newborn,Digital Stethoscope Use in Neonates: A Systematic Review
OpenAlex,W4380446496,10.1088/1361-6439/acddf2,,2023,Journal of Micromechanics and Microengineering,Investigating capacitive flexible tactile sensor with a wide measuring range using PVDF and conductive sponge
OpenAlex,W4407422403,10.1186/s12938-025-01350-3,,2025,BioMedical Engineering OnLine,Comparative analysis of electrical signals in facial expression muscles
OpenAlex,W4406414366,10.1016/j.ijoes.2025.100952,,2025,International Journal of Electrochemical Science,Ingestible electrochemical sensors: Emerging tools for gastrointestinal disease detection and monitoring
OpenAlex,W4401518659,10.1007/s10854-024-13326-5,,2024,Journal of Materials Science Materials in Electronics,A breathable flexible pressure sensor based on a porous network structure
OpenAlex,W4399439832,10.1007/s12055-024-01758-x,,2024,Indian Journal of Thoracic and Cardiovascular Surgery,Item-specific analysis of hoarseness to detect aspiration after cardiac surgery: an exploratory study of adopting an iPhone application “GRBASZero”
OpenAlex,W4402698443,10.1016/j.jdent.2024.105354,,2024,Journal of Dentistry,"Human-AI collaboration improves adults’ oral biomechanical functions: A multi-centre, self-controlled clinical trial"
OpenAlex,W4381737612,10.1109/percomworkshops56833.2023.10150291,,2023,,Low-Power and Cost-Effective Context Information Estimation for Wearables
OpenAlex,W2116056162,10.1109/csae.2011.5952723,,2011,,Analysis of rule based look-ahead strategy using Pacman testbed
OpenAlex,W4289337657,10.21203/rs.3.rs-1887824/v1,,2022,Research Square,Knitted Structural Design of MXene/Cu2O Based Strain Sensor for Smart Wear
OpenAlex,W4408277142,10.1093/jjco/hyaf045,,2025,Japanese Journal of Clinical Oncology,Recent advances in endoscopic diagnosis and treatment of superficial head and neck cancer
OpenAlex,W7131962261,,,2025,DigitalCommons - Kennesaw State University (Kennesaw State University),Artificial Intelligence: In Your Phone and In Your Head
OpenAlex,W7117493764,10.1111/1541-4337.70364,,2025,Comprehensive Reviews in Food Science and Food Safety,"Altered Digestive and Absorptive Characteristics of Food Proteins in Older Adults: Mechanisms, Model Applications, and Innovative Strategies"
OpenAlex,W7107961966,10.5281/zenodo.17747808,,2025,Zenodo (CERN European Organization for Nuclear Research),"ADVANCEMENTS IN LIQUID DOSAGE FORMS: NANOTECHNOLOGY, ARTIFICIAL INTELLIGENCE, AND INNOVATIVE DELIVERY DEVICES"
OpenAlex,W7107956591,10.5281/zenodo.17747807,,2025,Zenodo (CERN European Organization for Nuclear Research),"ADVANCEMENTS IN LIQUID DOSAGE FORMS: NANOTECHNOLOGY, ARTIFICIAL INTELLIGENCE, AND INNOVATIVE DELIVERY DEVICES"
OpenAlex,W4396789846,10.1201/9781003457176-10,,2024,,Artificial Intelligence-Based Techniques for Early Detection of Chiari Malformation
OpenAlex,W2202870113,10.1136/bmj.h3494,,2015,BMJ,Anatomy of a swallow
OpenAlex,W2464264314,,,2010,CORE Scholar (Wright State University),A Novel Synergistic Diagnosis Methodology for identifying Abnormalities in Wireless Capsule Endoscopy videos
OpenAlex,W4224857484,10.47391/jpma.5058,,2022,Journal of the Pakistan Medical Association,Prediction of Post Stroke recovery: Artificial intelligence could be a key of success
OpenAlex,W4361246462,10.1093/med/9780197556269.003.0005,,2023,,A Digital Pill to Swallow
OpenAlex,W4406611178,10.1109/smc54092.2024.10831482,,2024,,Development of Tracking System for Swallowing Movement Using Optical Flow
OpenAlex,W7130377146,10.1097/moo.0000000000001117,,2026,Current Opinion in Otolaryngology & Head & Neck Surgery,Artificial intelligence in head and neck cancer rehabilitation services: current state and future perspectives
OpenAlex,W3099701658,10.1159/000486567,,2020,Advances in oto-rhino-laryngology,Future Advances in Neurolaryngology
OpenAlex,W4416354060,10.2174/011570159x443258251114091930,,2025,Current Neuropharmacology,Systematic Review of Artificial Intelligence Applications in Clinical Trials for Central Nervous System Injuries
OpenAlex,W2924928445,,,2018,Research Online (University of Wollongong),The development of artificial intelligence control systems for wireless capsule endoscopy enhancement
OpenAlex,W7165489560,10.5281/zenodo.20779200,,2026,Zenodo (CERN European Organization for Nuclear Research),Trust in the Account: Visual Evidence Cues and Appropriate Reliance on AI-Prepared Administrative Decisions
OpenAlex,W4407054001,10.7759/cureus.78358,,2025,Cureus,Development of a Pharyngeal Residue Level Assessment Index Using Artificial Intelligence (AI) Acoustic Analysis: A Study Protocol
OpenAlex,W4407012811,10.48550/arxiv.2501.17897,,2025,arXiv (Cornell University),Visualization of Organ Movements Using Automatic Region Segmentation of Swallowing CT
OpenAlex,W2241892015,10.1007/978-3-319-16841-8_70,,2015,Advances in intelligent systems and computing,Online Learning-Prediction Based Diagnosis Decision Support System Towards Swallowing Dysfunction in Rehabilitation Medicine
OpenAlex,W7127364992,10.1016/j.suronc.2026.102356,,2026,Surgical Oncology,Robotic thyroidectomy using Artificial Intelligence (AI) model in real-time recognizing Recurrent Laryngeal Nerves (RLN)
OpenAlex,W4293201384,10.1155/2022/9480475,,2022,Journal of Nanomaterials,[Retracted] Application and Equipment of Preparation Technology of Ferroelectric Thin Film Materials in Sports Industry
OpenAlex,W4405617829,10.3760/cma.j.cn121430-20240526-00461,,2024,PubMed,[Construction and external validation of a non-invasive pre-hospital screening model for stroke patients: a study based on artificial intelligence DeepFM algorithm].
OpenAlex,W7162625502,10.1200/jco.2026.44.16_suppl.e18003,,2026,Journal of Clinical Oncology,Using artificial intelligence (AI) and retrieval-augmented generation (RAG) to identify patient-reported symptoms post-ambulatory surgery for cancer.
OpenAlex,W7117135922,10.5281/zenodo.18032084,,2025,Zenodo (CERN European Organization for Nuclear Research),"Artificial Intelligence in Oral and Maxillofacial Oncology: AI-Driven Histopathological, Imaging, and Surgical Insights into Oral Squamous Cell Carcinoma - Figure 6"
OpenAlex,W7116297435,10.5281/zenodo.17990829,,2025,Zenodo (CERN European Organization for Nuclear Research),"Artificial Intelligence in Oral and Maxillofacial Oncology: AI-Driven Histopathological, Imaging, and Surgical Insights into Oral Squamous Cell Carcinoma - Figure 5"
OpenAlex,W7116305851,10.5281/zenodo.17990830,,2025,Zenodo (CERN European Organization for Nuclear Research),"Artificial Intelligence in Oral and Maxillofacial Oncology: AI-Driven Histopathological, Imaging, and Surgical Insights into Oral Squamous Cell Carcinoma - Figure 5"
OpenAlex,W7117111360,10.5281/zenodo.18032083,,2025,Zenodo (CERN European Organization for Nuclear Research),"Artificial Intelligence in Oral and Maxillofacial Oncology: AI-Driven Histopathological, Imaging, and Surgical Insights into Oral Squamous Cell Carcinoma - Figure 6"
OpenAlex,W4417449660,10.3389/fpubh.2025.1723829,,2025,Frontiers in Public Health,Economic value of AI-based MRI triage for Parkinson’s disease: a cost-benefit study in South Korea and the United States
OpenAlex,W7131642688,10.1016/j.cofs.2026.101389,,2026,Current Opinion in Food Science,“Bite ‣ Sip ‣ Swallow ‣ Repeat” — recent scientific advances and innovations in wine and food pairing
OpenAlex,W4405750100,10.1016/j.jval.2024.10.2521,,2024,Value in Health,MT51 Cost-Consequences Analysis (CCA) of Small Bowel Video Capsule Endoscopy (VCE) Digital Artificial Intelligence (AI) Monitoring Application Developed at Hosmartai (Horizon 2020 Funded)
OpenAlex,W4413315595,10.1097/corr.0000000000003641,,2025,Clinical Orthopaedics and Related Research,"Editorial: AI-assisted Letters to the Editor—Scope of a Growing Ethical and Practical Concern, and CORR’s Approach to Managing It"
OpenAlex,W4390450201,10.51496/jogm.v3.s1.121,,2023,Journal of Global Medicine,"Head and neck cancers: epidemiology, diagnosis and treatments"
OpenAlex,W4392768092,10.56315/pscf3-24kirsch,,2024,Perspectives on Science and Christian Faith,The Revolt against Humanity: Imagining a Future without Us
OpenAlex,W4392344335,10.56315/pscf03-24kirsch,,2024,Perspectives on Science and Christian Faith,The Revolt against Humanity: Imagining a Future without Us
OpenAlex,W2920330962,10.1016/j.ymthe.2019.02.017,,2019,Molecular Therapy,Adoptive Cell Therapy: ACT-Up or ACT-Out?
OpenAlex,W2908747769,10.1016/j.gie.2018.09.019,,2019,Gastrointestinal Endoscopy,Screening for esophageal squamous cell carcinoma: insight from experience with Barrett's esophagus
OpenAlex,W4312074647,10.1002/pbc.30151,,2022,Pediatric Blood & Cancer,Imaging of pediatric head and neck tumors: A COG Diagnostic Imaging Committee/SPR Oncology Committee/ASPNR White Paper
OpenAlex,W7124997698,10.1002/1545-5017.70143,,2026,Pediatric Blood & Cancer,Liquid Hydroxyurea (Xromi) for Children With Sickle Cell Anemia: A New Solution Compounding Existing Problems
OpenAlex,W4417288109,10.1016/b978-0-44-328832-6.00010-1,,2025,Elsevier eBooks,Capsule endoscopy
OpenAlex,W4400919516,10.1145/3641523.3665168,,2024,,Love letters without the recipient
OpenAlex,W7160894902,10.37651/aujlps.2024.154171.1368,,2024,Journal of Anbar University for Law and Political Sciences,Smart surgery and its legitimacy in Islamic jurisprudence
OpenAlex,W7113020961,,,2022,OSF Preprints (OSF Preprints),Rhode Island Gastroenterology Video Capsule Endoscopy Dataset
OpenAlex,W7120345145,,,2025,LA Referencia (Red Federada de Repositorios Institucionales de Publicaciones Científicas),Uma ferramenta computacional para auxílio didático e avaliação metodológica de profissionais na prática clínica em aleitamento materno
OpenAlex,W4416810987,10.38124/ijisrt/25nov452,,2025,International Journal of Innovative Science and Research Technology (IJISRT),Advancing Practice: Nursing Perspectives in Capsule Endoscopy and New GI Technologies
OpenAlex,W7160446925,10.26599/oshm.2026.9610049,,2026,Oral Science and Homeostatic Medicine,"Oral physical function: physiology, disorders, assessment, and rehabilitation"
OpenAlex,W7128005000,10.1080/17474124.2026.2628950,,2026,Expert Review of Gastroenterology & Hepatology,How to predict abnormal acid reflux: recent developments
OpenAlex,W1720287192,10.1111/j.1476-5381.2010.01019.x,,2010,British Journal of Pharmacology,Reflections on drug research
OpenAlex,W7115072150,10.5281/zenodo.17918957,,2025,Zenodo (CERN European Organization for Nuclear Research),"Connectivity, Continuity, and the Architecture of Self – Why ""Continivity"" Leads to Infinity"
OpenAlex,W7115061331,10.5281/zenodo.17918956,,2025,Zenodo (CERN European Organization for Nuclear Research),"Connectivity, Continuity, and the Architecture of Self – Why ""Continivity"" Leads to Infinity"
OpenAlex,W4417310124,10.1111/jgh.70196,,2025,Journal of Gastroenterology and Hepatology,Screening for Esophageal Cancer
OpenAlex,W4390790489,10.1007/978-3-031-48121-5_31,,2024,Lecture notes in electrical engineering,Oral Health Phenotype of Postmenopausal Women Using AI
OpenAlex,W7157896187,10.31083/bjhm52964,,2026,British Journal of Hospital Medicine,Treatment and Care of Patients With Mucosal Head and Neck Cancer
OpenAlex,W2888773245,10.31142/ijtsrd8212,,2017,International Journal of Trend in Scientific Research and Development,Cardiac Nuclear Medicine
OpenAlex,W4410396450,10.1007/978-3-031-64719-2_56,,2025,,Future Developments of Video Capsule Endoscopy: Hardware
OpenAlex,W4417152768,10.5604/01.3001.0055.1485,,2025,Otolaryngologia Polska,"15th Congress of the European Laryngological Society, May 2025, Warsaw, Poland"
OpenAlex,W7163006515,10.1093/jamiaopen/ooag075,,2026,JAMIA Open,Using sentiment analysis to quantify the relative desirability and acceptability of drug-product attributes
OpenAlex,W4229450199,10.14701/ahbps.2022s1.ep-98,,2022,Annals of Hepato-Biliary-Pancreatic Surgery,Engineering technology in hepatology
OpenAlex,W7118019732,10.1007/978-3-031-99868-3_24,,2026,,Wireless Capsule Endoscopy
OpenAlex,W4412186968,10.1515/secm-2025-0058,,2025,Science and Engineering of Composite Materials,Collagen fibers as biomass templates constructed multifunctional polyvinyl alcohol composite films for biocompatible wearable e-skins
OpenAlex,W4395017248,10.1016/b978-0-443-13185-1.00015-0,,2024,Elsevier eBooks,Automated crop cultivation and pesticide scheduling: a case study
OpenAlex,W7117551261,10.29038/gud,,2025,East European Journal of Psycholinguistics,A comparative acoustic analysis of non-verbal vocalisations in film dubbing
OpenAlex,W4406973594,10.2139/ssrn.5117778,,2025,SSRN Electronic Journal,Analyzing Changes in Food Bolus During Chewing Through Segmentation
OpenAlex,W7136876886,10.1007/s00117-026-01595-6,,2026,Die Radiologie,Basalganglien und Bewegungsstörungen
OpenAlex,W4407449519,10.1109/jsen.2025.3538339,,2025,IEEE Sensors Journal,A Multiparameter Monitoring System for Infant Nutrition Feeding Behavior and Brain Activity
OpenAlex,W4404805402,10.2139/ssrn.5037877,,2024,SSRN Electronic Journal,Liquid Metal-Graphene Composite Conductive Nanofiber Flexible Pressure Sensor for Dynamic Health Monitoring
OpenAlex,W7124843024,10.22162/2619-0990-2025-81-5-1120-1133,,2025,ORIENTAL STUDIES,Невербальные элементы русской спонтанной речи китайцев: прагматика и фонетические особенности
OpenAlex,W7167736060,10.3389/fmed.2026.1885195,,2026,Frontiers in Medicine,The “ABCD” framework for assessment: a task-oriented approach to reconcile multimodal diagnostic discordance
OpenAlex,W7111335114,10.1021/acssuschemeng.5c08904.s001,,2025,Figshare,Lignin-ContainingCellulose Nanofibers Enhanced PVA/MXeneHydrogels: Combining Toughness and Conductivity for Durably WearableSensing
OpenAlex,W7138968263,10.1016/j.ijbiomac.2026.151490,,2026,International Journal of Biological Macromolecules,Modification strategies and multi-scene applications for plant proteins in 3D food printing: A review
OpenAlex,W7110846287,10.1021/acsapm.5c01340.s006,,2025,Figshare,"Self-Healing, UltraStretchable, Antifreezing, andAntidrying Gelatin-Based Eutectogels Containing Polymerizable DeepEutectic Solvent for Advanced Motion Sensing"
OpenAlex,W7111024985,10.1021/acsapm.5c01340.s005,,2025,Figshare,"Self-Healing, UltraStretchable, Antifreezing, andAntidrying Gelatin-Based Eutectogels Containing Polymerizable DeepEutectic Solvent for Advanced Motion Sensing"
OpenAlex,W4413313404,10.2139/ssrn.5394867,,2025,SSRN Electronic Journal,Beyond Infringement: Rethinking DMCA § 1202 For Generative AI
OpenAlex,W7110970647,10.1021/acsapm.5c01340.s003,,2025,Figshare,"Self-Healing, UltraStretchable, Antifreezing, andAntidrying Gelatin-Based Eutectogels Containing Polymerizable DeepEutectic Solvent for Advanced Motion Sensing"
OpenAlex,W7125476627,10.3892/or.2026.9058,,2026,Oncology Reports,Collaborative breakthroughs in precision diagnosis and treatment of nasopharyngeal cancer: Biomarker‑driven screening and endoscopic minimally invasive surgery reshape the new paradigm of early intervention (Review)
OpenAlex,W7110920153,10.1021/acsapm.5c01340.s004,,2025,Figshare,"Self-Healing, UltraStretchable, Antifreezing, andAntidrying Gelatin-Based Eutectogels Containing Polymerizable DeepEutectic Solvent for Advanced Motion Sensing"
OpenAlex,W4406692088,10.1016/j.avsg.2025.01.010,,2025,Annals of Vascular Surgery,Correlation between Osteal Kneading and Carotid Artery Atherosclerotic Plaque
OpenAlex,W7111160327,10.1021/acsapm.5c01340.s008,,2025,Figshare,"Self-Healing, UltraStretchable, Antifreezing, andAntidrying Gelatin-Based Eutectogels Containing Polymerizable DeepEutectic Solvent for Advanced Motion Sensing"
OpenAlex,W7110797716,10.1021/acsapm.5c01340.s002,,2025,Figshare,"Self-Healing, UltraStretchable, Antifreezing, andAntidrying Gelatin-Based Eutectogels Containing Polymerizable DeepEutectic Solvent for Advanced Motion Sensing"
OpenAlex,W7113107052,,,2025,Tesis Doctorals en Xarxa (Consorci de Serveis Universitaris de Catalunya),End-to-End AI Solutions for Capsule Endoscopy: Enhancing Efficiency and Accuracy in Gastrointestinal Diagnostics
OpenAlex,W7110778695,10.1021/acsapm.5c01340.s001,,2025,Figshare,"Self-Healing, UltraStretchable, Antifreezing, andAntidrying Gelatin-Based Eutectogels Containing Polymerizable DeepEutectic Solvent for Advanced Motion Sensing"
OpenAlex,W7111144841,10.1021/acsapm.5c01340.s007,,2025,Figshare,"Self-Healing, UltraStretchable, Antifreezing, andAntidrying Gelatin-Based Eutectogels Containing Polymerizable DeepEutectic Solvent for Advanced Motion Sensing"
OpenAlex,W7140327144,10.5281/zenodo.19223988,,2026,Zenodo (CERN European Organization for Nuclear Research),The Cold Monetization Era: Why AI Limits are Here to Stay
OpenAlex,W7140309261,10.5281/zenodo.19223989,,2026,Open MIND,The Cold Monetization Era: Why AI Limits are Here to Stay
OpenAlex,W4407635017,10.18189/isicu.2024.31.3.185,,2024,The Legal Studies Institute of Chosun University,Copyright Norms And Criminal Policy In EU AI Law
OpenAlex,W7165478463,10.5281/zenodo.20779199,,2026,Zenodo (CERN European Organization for Nuclear Research),Trust in the Account: Visual Evidence Cues and Appropriate Reliance on AI-Prepared Administrative Decisions
OpenAlex,W3026531143,10.1016/s0016-5085(20)30764-2,,2020,Gastroenterology,151 ANTI-REFLUX SURGERY REDUCES MORTALITY IN LUNG TRANSPLANT PATIENTS
OpenAlex,W3026250058,10.1016/s0016-5085(20)30763-0,,2020,Gastroenterology,150 NATIONAL TRENDS IN MEDICARE PRESCRIPTIONS OF ANTI-REFLUX MEDICATIONS FROM 2013 TO 2017 - THE TIDE HAS TURNED
OpenAlex,W7165549476,10.2139/ssrn.6976919,,2026,SSRN Electronic Journal,Trust in the Account: Visual Evidence Cues and Appropriate Reliance on AI-Prepared Administrative Decisions
OpenAlex,W2886592926,10.15407/econlaw.2017.01.113,,2017,Economics and Law,RIGHT TO HAVE THE LAW
OpenAlex,W7126349365,,,2025,DIAL (Catholic University of Leuven),AI Meets Academic Writing: ChatGPT's Impact on L2 accuracy and lexical diversity
OpenAlex,W4387669966,10.3389/fnut.2023.1295405,,2023,Frontiers in Nutrition,Editorial: Intermittent feeding in critically ill patients
OpenAlex,W7130593705,10.48796/20260210-000,,2026,HAL (Le Centre pour la Communication Scientifique Directe),Recent Trends in Taiwan Studies: Digital Applications for Education and Research
OpenAlex,W7134251185,10.24926/265535.4326,,2023,Minnesota law review,Evolving Online Terrain in an Inert Legal Landscape: How Algorithms and AI Necessitate an Amendment of Section 230 of the Communications Decency Act
OpenAlex,W4387040189,10.21608/sjrc.2023.317275,,2023,بحوث في علم المکتبات والمعلومات,"قائمة المحتويات والافتتاحية باللغة الإنجليزية Table of Content , Editorial of the journal"
OpenAlex,W7142566805,,,2026,Open MIND,Recent Trends in Taiwan Studies: Digital Applications for Education and Research
OpenAlex,W7133208573,10.4081/ejtm.2026.15102,,2026,European Journal of Translational Myology,Abstract 103 | Interdisciplinary approach to diagnosis and treatment of cranio-mandibular dysfunctions
OpenAlex,W7156142672,10.1186/s12904-026-02107-y,,2026,BMC Palliative Care,Palliative care symptoms of people living with rapidly progressive prion diseases: a systematic review
OpenAlex,W4401371067,10.55367/gakq6884,,2024,,Modern Approaches to Entrepreneurship Development and Prospective Challenges
OpenAlex,W7164358695,10.6084/m9.figshare.c.8529906.v1,,2026,Figshare,Palliative care symptoms of people living with rapidly progressive prion diseases: a systematic review
OpenAlex,W7164396803,10.6084/m9.figshare.c.8529906,,2026,Figshare,Palliative care symptoms of people living with rapidly progressive prion diseases: a systematic review
OpenAlex,W7165686003,10.1136/gutjnl-2026-bsg.477,,2026,E-Posters,P369 Evaluating the performance of the TOP100 tool in detecting key small bowel findings at capsule endoscopy
OpenAlex,W4379796400,10.1111/criq.12728,,2023,Critical Quarterly,‘Cucumber sandwiches that repeated’: Loneliness and melancholia in Elizabeth Taylor's <i>Mrs Palfrey at the Claremont</i>
OpenAlex,W7165006811,10.4103/arwy.arwy_36_26,,2026,Airway,"Anticipation, Assessment and Continuum of Airway Care"
OpenAlex,W4410632064,10.5325/gestaltreview.29.1-2.0250,,2025,Gestalt Review,"“Siri, Do You Love Me?” A Gestalt Therapist Reflects on AI"
OpenAlex,W7138837264,10.4103/idoj.idoj_615_25,,2026,Indian Dermatology Online Journal,Cervical Chondrocutaneous Branchial Remnant in a 21-Year-Old Female
OpenAlex,W4414854459,10.4103/idoj.idoj_685_24,,2025,Indian Dermatology Online Journal,Counseling of Patients in Various Connective Tissue Disorders Presenting to Dermatology Outpatient Department
OpenAlex,W7167890089,10.5281/zenodo.21297367,,2026,Open MIND,"Structured PREreview of ""Formulation Screening for pH Modification in Solid Dosage Forms"""
OpenAlex,W7163910761,10.4103/idoj.idoj_343_25,,2026,Indian Dermatology Online Journal,Stevens–Johnson Syndrome/Toxic Epidermal Necrolysis-Like Presentation in a Child with Systemic Lupus Erythematosus
OpenAlex,W7167895984,10.5281/zenodo.21297366,,2026,Zenodo (CERN European Organization for Nuclear Research),"Structured PREreview of ""Formulation Screening for pH Modification in Solid Dosage Forms"""
OpenAlex,W2324175474,10.1177/0740277514552982,,2014,World Policy Journal,Europe’s Existential Threats
OpenAlex,W7147568441,10.5281/zenodo.19360753,,2026,Open MIND,Ep. 677: Beyond the Green Check: Navigating AI & Open Source Licenses
OpenAlex,W7147697085,10.5281/zenodo.19360754,,2026,Zenodo (CERN European Organization for Nuclear Research),Ep. 677: Beyond the Green Check: Navigating AI & Open Source Licenses
OpenAlex,W4416922616,10.1002/prep.70074,,2025,Propellants Explosives Pyrotechnics,"Fifty Years of Propellants, Explosives, Pyrotechnics—A Journal on the Move"
OpenAlex,W7162298071,10.5281/zenodo.20378103,,2026,Zenodo (CERN European Organization for Nuclear Research),Conditional Refutation of Erdős Problem #463 in Hyper-Slow Growth Regimes via Arithmetic Quantum Chaos
OpenAlex,W4404493934,10.1680/jmapl.2024.177.4.167,,2024,Proceedings of the Institution of Civil Engineers - Management Procurement and Law,Editorial
OpenAlex,W7162313863,10.5281/zenodo.20378102,,2026,Zenodo (CERN European Organization for Nuclear Research),Conditional Refutation of Erdős Problem #463 in Hyper-Slow Growth Regimes via Arithmetic Quantum Chaos
OpenAlex,W4413137400,10.4103/idoj.idoj_868_24,,2025,Indian Dermatology Online Journal,Diving Deep into the Sclerotic Tapestry: Keloidal Lesions as a Clue to Underlying Sinister Disease!
OpenAlex,W7165193572,10.5281/zenodo.20745588,,2026,Zenodo (CERN European Organization for Nuclear Research),Best Oncologist in Gurgaon: Advanced Cancer Care with Expert Specialists
OpenAlex,W7165207104,10.5281/zenodo.20745589,,2026,Zenodo (CERN European Organization for Nuclear Research),Best Oncologist in Gurgaon: Advanced Cancer Care with Expert Specialists
OpenAlex,W7147646345,10.17605/osf.io/ks7te,,2026,OSF Preprints (OSF Preprints),[3]A Conceptual Framework for Cyclic Cosmology and Black Hole Energy Circulation — A Heuristic Modelfor Public Scientific Communication 循环宇宙与黑洞能量循环概念框架——面向科普的启发式模型
OpenAlex,W7166147255,10.4103/jssrp.jssrp_18_26,,2026,Journal of Surgical Specialties and Rural Practice,The Inequity of Adaptation: A Call for True Low- and Middle-income Country-proofing in Global Health
OpenAlex,W7154774440,10.5281/zenodo.19629596,,2025,Zenodo (CERN European Organization for Nuclear Research),USES AND IMPACT OF 3D PRINTING TECHNOLOGY
OpenAlex,W7154744200,10.5281/zenodo.19629595,,2025,Zenodo (CERN European Organization for Nuclear Research),USES AND IMPACT OF 3D PRINTING TECHNOLOGY
OpenAlex,W4415622345,10.1097/prs.0000000000012237,,2025,Plastic & Reconstructive Surgery,Plastic and Reconstructive Surgery Highlights: Reconstructive
OpenAlex,W4416814163,10.4103/idoj.idoj_337_25,,2025,Indian Dermatology Online Journal,Midline Destructive Lesions of Face: A Dermatology Perspective
OpenAlex,W2977250339,10.1111/moth.12560,,2019,Modern Theology,<i>Ama et labora</i>: A Conversation with Oliver O’Donovan on the Sanctification of Work
OpenAlex,W4399155257,10.1093/astrogeo/atae034,,2024,Astronomy & Geophysics,News in Astronomy &amp; Geophysics – June 2024
OpenAlex,W4400653842,10.5406/26395991.63.1.04,,2024,Connecticut History Review,"Profile of a Loyalist, Edward Jones"
OpenAlex,W7134171910,10.1002/japp.70076,,2026,Journal of Applied Philosophy,"Creating New Languages of Resistance: Translation, Public Philosophy and Border Violence. O.Tofighian, 2025. London and New York, Routledge. xvi + 231 pp, £145 (hb), £38.99 (pb)"
OpenAlex,W4229082950,10.1053/j.gastro.2022.05.006,,2022,Gastroenterology,Personalized Approach to the Post-Endoscopic Eradication Therapy Barrett’s Esophagus Patient
OpenAlex,W7165648576,10.3389/fsurg.2026.1866857,,2026,Frontiers in Surgery,Editorial: 10th anniversary of frontiers in surgery: celebrating progress and envisioning the future of multidisciplinary surgery
OpenAlex,W4251674419,10.1525/jpms.2021.33.3.213,,2021,Journal of Popular Music Studies,Contributors’ Notes
OpenAlex,W3180377247,10.1525/aft.2021.48.2.94,,2021,Afterimage,"Compression, Exhilaration, Obliteration, Circulation"
OpenAlex,W7135182253,10.3389/fonc.2026.1725155,,2026,Frontiers in Oncology,Correction: Overexpression of NK4 gene in TU212 affects migratory activity in laryngeal squamous cell carcinoma
OpenAlex,W2320569644,10.1177/0740277515623757,,2015,World Policy Journal,"Yesterday, Today, and Tomorrow"
OpenAlex,W7124735570,10.1111/jan.70485,,2026,Journal of Advanced Nursing,Getting Person‐Centred Fundamental Care Right: Past Discourse and Future Directions
OpenAlex,W1963647798,10.1002/hed.21845,,2011,Head & Neck,Swallow remodeling of respiratory neural networks
OpenAlex,W3010389911,10.1109/tcad.2020.2978836,,2020,IEEE Transactions on Computer-Aided Design of Integrated Circuits and Systems,Swallow: A Versatile Accelerator for Sparse Neural Networks
OpenAlex,W2033188200,10.1007/s00455-014-9593-y,,2015,Dysphagia,Neural Network Pattern Recognition of Lingual–Palatal Pressure for Automated Detection of Swallow
OpenAlex,W2049617178,10.1016/j.neuroimage.2013.01.037,,2013,NeuroImage,Functional connectivity of the cortical swallowing network in humans
OpenAlex,W2923231365,,,2019,SSRN Electronic Journal,Lung Cancer Detection Using Artificial Neural Network
OpenAlex,W4365450356,10.1038/s41551-023-01024-2,,2023,Nature Biomedical Engineering,A swallowable X-ray dosimeter for the real-time monitoring of radiotherapy
OpenAlex,W2057470090,10.1523/jneurosci.3047-09.2010,,2010,Journal of Neuroscience,Stochastic Transitions between Neural States in Taste Processing and Decision-Making
OpenAlex,W2600169874,10.1007/s00455-017-9794-2,,2017,Dysphagia,Swallowing Preparation and Execution: Insights from a Delayed-Response Functional Magnetic Resonance Imaging (fMRI) Study
OpenAlex,W2691395254,10.1109/isbi.2017.7950698,,2017,,A convolutional neural network approach for abnormality detection in Wireless Capsule Endoscopy
OpenAlex,W2057193140,10.1016/j.brainresbull.2013.09.006,,2013,Brain Research Bulletin,Termination of trigeminal primary afferents on glossopharyngeal–vagal motoneurons: Possible neural networks underlying the swallowing phase and visceromotor responses of prey-catching behavior
OpenAlex,W3033575927,10.1109/jbhi.2020.3000057,,2020,IEEE Journal of Biomedical and Health Informatics,Upper Esophageal Sphincter Opening Segmentation With Convolutional Recurrent Neural Networks in High Resolution Cervical Auscultation
OpenAlex,W1982707081,10.1002/lary.21125,,2010,The Laryngoscope,Cortical activation during swallowing rehabilitation maneuvers: A functional MRI study of healthy controls
OpenAlex,W2092680594,10.1016/j.bbr.2015.03.009,,2015,Behavioural Brain Research,Neural representation of swallowing is retained with age. A functional neuroimaging study validated by classical and Bayesian inference
OpenAlex,W2038249593,10.1002/lary.23655,,2012,The Laryngoscope,Artificial neural network classification of pharyngeal high‐resolution manometry with impedance data
OpenAlex,W2611410710,10.1109/percomw.2017.7917596,,2017,,SwallowNet: Recurrent neural network detects and characterizes eating patterns
OpenAlex,W1982388214,10.1016/j.resp.2010.12.002,,2010,Respiratory Physiology & Neurobiology,The effects of lesions in the dorsolateral pons on the coordination of swallowing and breathing in awake goats
OpenAlex,W2179877496,10.1152/japplphysiol.00653.2015,,2015,Journal of Applied Physiology,Brain and behavioral effects of swallowing carbonated water on the human pharyngeal motor system
OpenAlex,W3010588043,10.1007/978-3-030-28852-5_3,,2020,,Neuroanatomy of Voice and Swallowing
OpenAlex,W2186135503,10.1016/b978-0-444-53825-3.00020-6,,2011,Progress in brain research,Chew before you swallow
OpenAlex,W1076748688,10.1016/j.physbeh.2015.08.003,,2015,Physiology & Behavior,Peripheral and central control of swallowing initiation in healthy humans
OpenAlex,W3119928204,10.1038/s41598-020-79782-1,,2021,Scientific Reports,Effects of aging on brain networks during swallowing: general linear model and independent component analyses
OpenAlex,W4224948138,10.3389/fnhum.2022.802996,,2022,Frontiers in Human Neuroscience,The Effect of Repetitive Transcranial Magnetic Stimulation of Cerebellar Swallowing Cortex on Brain Neural Activities: A Resting-State fMRI Study
OpenAlex,W2770662815,10.1109/cbms.2017.67,,2017,,Visual Localization of Wireless Capsule Endoscopes Aided by Artificial Neural Networks
OpenAlex,W2800575047,10.1016/j.neubiorev.2018.05.009,,2018,Neuroscience & Biobehavioral Reviews,Early human motor development: From variation to the ability to vary and adapt
OpenAlex,W2903560743,10.1109/icmew.2018.8551492,,2018,,Detection of Food Intake Events From Throat Microphone Recordings Using Convolutional Neural Networks
OpenAlex,W19462842,10.1177/000348940911800401,,2014,,Simulation of draft force of winged share tillage tool using artificial neural network model
OpenAlex,W4395468674,10.1016/j.autneu.2024.103181,,2024,Autonomic Neuroscience,Neural mechanisms of respiratory interoception
OpenAlex,W2965347872,10.1109/tc.2019.2931716,,2019,IEEE Transactions on Computers,Fast Coflow Scheduling via Traffic Compression and Stage Pipelining in Datacenter Networks
OpenAlex,W4226083662,10.1109/ieeeconf53456.2022.9744290,,2022,2022 Systems of Signals Generating and Processing in the Field of on Board Communications,Determination of Semantic Proximity of Natural Language Terms for Subsequent Neural Network Training
OpenAlex,W2965383167,10.1007/s12652-019-01414-y,,2019,Journal of Ambient Intelligence and Humanized Computing,RETRACTED ARTICLE: Automatic speaker recognition with enhanced swallow swarm optimization and ensemble classification model from speech signals
OpenAlex,W4293379778,10.1007/s00521-022-07723-2,,2022,Neural Computing and Applications,Towards an efficient backbone for preserving features in speech emotion recognition: deep-shallow convolution with recurrent neural network
OpenAlex,W57771071,,,2011,,A new expert system for pediatric respiratory diseases by using neural networks
OpenAlex,W4407598316,10.1016/j.yhbeh.2025.105698,,2025,Hormones and Behavior,How a territorial challenge changes sex steroid-related gene networks in the female brain: A field experiment with the tree swallow
OpenAlex,W4396986039,10.1016/j.yhbeh.2024.105561,,2024,Hormones and Behavior,Maternal social environment shapes yolk testosterone allocation and embryonic neural gene expression in tree swallows
OpenAlex,W2090037365,10.1088/0967-3334/35/5/739,,2014,Physiological Measurement,A novel approach for food intake detection using electroglottography
OpenAlex,W269519225,10.1016/j.neuroimage.2015.05.007,,2015,NeuroImage,fMRI and MRS measures of neuroplasticity in the pharyngeal motor cortex
OpenAlex,W4397010755,10.1186/s12938-024-01241-z,,2024,BioMedical Engineering OnLine,sEMG-based automatic characterization of swallowed materials
OpenAlex,W2000467918,10.1016/j.neunet.2013.06.008,,2013,Neural Networks,Storing cycles in Hopfield-type networks with pseudoinverse learning rule: Admissibility and network topology
OpenAlex,W3158469887,10.1109/iecbes48179.2021.9398821,,2021,,Detection of Swallowing Events and Fluid Intake Volume Estimation From Surface Electromyography Signals
OpenAlex,W2152150531,10.1515/bmt-2012-4092,,2012,Biomedizinische Technik/Biomedical Engineering,Food Intake Activity Detection Using an Artificial Neural Network
OpenAlex,W2922729086,10.1007/s00521-019-04129-5,,2019,Neural Computing and Applications,Evaluating generalization through interval-based neural network inversion
OpenAlex,W2879913120,10.1109/siu.2018.8404522,,2018,,Food intake detection using autoencoder-based deep neural networks
OpenAlex,W4385624197,10.1109/icsses58299.2023.10200180,,2023,,Automatic Early Detection of Dysarthria using Deep Neural Network
OpenAlex,W4398131278,10.1007/s00422-024-00991-2,,2024,Biological Cybernetics,A computational neural model that incorporates both intrinsic dynamics and sensory feedback in the Aplysia feeding network
OpenAlex,W2169828817,10.1016/j.pupt.2015.10.012,,2015,Pulmonary Pharmacology & Therapeutics,Role of the dorsal medulla in the neurogenesis of airway protection
OpenAlex,W188357267,10.1007/978-1-4614-5502-8_1,,2012,,"Deglutition, Swallowing, and Airway Protection: Physiology and Pathophysiology"
OpenAlex,W4308615688,10.1016/j.brainresbull.2022.11.006,,2022,Brain Research Bulletin,Involvement of ghrelin in the regulation of swallowing motor activity in an arterially perfused rat preparation
OpenAlex,W4361281645,10.3389/fnhum.2023.1100320,,2023,Frontiers in Human Neuroscience,The effects of intermittent theta burst stimulation of the unilateral cerebellar hemisphere on swallowing-related brain regions in healthy subjects
OpenAlex,W2316282691,10.1044/persp1.sig13.48,,2016,Perspectives of the ASHA Special Interest Groups,The Neural Control of Oropharyngeal Somatosensation and Taste: A Review for Clinicians
OpenAlex,W2079024174,10.1136/gut.2011.239301.78,,2011,Gut,Using diffusion weighted MR imaging to dissect the neuroanatomy of human swallowing related behaviours: Figure 1
OpenAlex,W2146932859,10.1111/phen.12038,,2013,Physiological Entomology,Effects of dietary inositol with sucrose stimulation on chewing and swallowing motor patterns in larvae of the silkworm <i>Bombyx mori</i>
OpenAlex,W2137641915,10.1002/mus.24132,,2013,Muscle & Nerve,Tools and talk: An evolutionary perspective on the functional deficits associated with amyotrophic lateral sclerosis
OpenAlex,W3013809822,10.3389/fnins.2020.00226,,2020,Frontiers in Neuroscience,Model-Based and Model-Free Analyses of the Neural Correlates of Tongue Movements
OpenAlex,W4389904509,10.32604/cmes.2023.031399,,2023,Computer Modeling in Engineering & Sciences,Numerical Study of the Biomechanical Behavior of a 3D Printed Polymer Esophageal Stent in the Esophagus by BP Neural Network Algorithm
OpenAlex,W2740597468,10.1109/jsen.2017.2734688,,2017,IEEE Sensors Journal,Food Intake Detection Using Ultrasonic Doppler Sonar
OpenAlex,W3113900328,10.1002/cne.25091,,2020,The Journal of Comparative Neurology,"Forebrain projection neurons target functionally diverse respiratory control areas in the midbrain, pons, and medulla oblongata"
OpenAlex,W4399992774,10.1016/j.neubiorev.2024.105779,,2024,Neuroscience & Biobehavioral Reviews,Functional brain networks associated with the urge for action: Implications for pathological urge
OpenAlex,W1992611802,10.5220/0005212803670373,,2015,,Detection of Drug Administration Behavior with Swallowing Sounds
OpenAlex,W4225421493,10.1096/fasebj.2022.36.s1.r3236,,2022,The FASEB Journal,The rostral brainstem's pivotal role in swallow‐breathing coordination
OpenAlex,W4226475644,10.1007/978-3-658-36932-3_29,,2022,Informatik aktuell,Efficient Patient Orientation Detection in Videofluoroscopy Swallowing Studies
OpenAlex,W4395694096,10.1016/j.brainres.2024.148955,,2024,Brain Research,Swallowing-like activity elicited in neonatal rat medullary slice preparation
OpenAlex,W4316881829,10.1109/apwimob56856.2022.10014256,,2022,,Computer Aided Detection System for Pharyngitis Based on Convolutional Neural Network
OpenAlex,W2770382720,10.15369/sujms.29.273,,2017,The Showa University Journal of Medical Sciences,Characteristics of Patients with Brain Damage and Suspected Severe Swallowing Apraxia
OpenAlex,W4244237593,10.35940/ijeat.f8515.109119,,2019,International Journal of Engineering and Advanced Technology,A Convolutional Neural Network Based Disease Diagnosis in Wireless Capsule Endoscopy Images
OpenAlex,W2029068227,10.1002/hed.21904,,2011,Head & Neck,Central nervous system control of interactions between vocalization and respiration in mammals
OpenAlex,W4293192613,10.1109/bigcomp54360.2022.00061,,2022,,Medication Monitoring from Accelerometer Data through a Series of Medication Actions Using Neural Network for Medication Adherence Evaluation
OpenAlex,W3048436979,10.1007/s00422-020-00851-9,,2020,Biological Cybernetics,Control for multifunctionality: bioinspired control based on feeding in Aplysia californica
OpenAlex,W4393859294,10.14326/abe.13.152,,2024,Advanced Biomedical Engineering,Method for Evaluating Muscle Fatigue from Multi-channel Surface Electromyography Signals of Suprahyoid and Infrahyoid Muscles During Swallowing
OpenAlex,W2281612877,10.1111/ene.12964,,2016,European Journal of Neurology,Neuroanatomical correlates of tube dependency and impaired oral intake after hemispheric stroke
OpenAlex,W4309604362,10.3390/nu14224847,,2022,Nutrients,Capturing Eating Behavior from Video Analysis: A Systematic Review
OpenAlex,W3204412527,10.1007/978-3-030-73018-5_6,,2021,Mathematics and visualization,Direct Reconstruction of Crossing Muscle Fibers in the Human Tongue Using a Deep Neural Network
OpenAlex,W4393022462,10.1101/2024.03.19.585771,,2024,bioRxiv (Cold Spring Harbor Laboratory),Neuropeptide Modulation Enables Biphasic Inter-network Coordination via a Dual-Network Neuron
OpenAlex,W3081179461,10.1007/s10237-021-01420-0,,2021,Biomechanics and Modeling in Mechanobiology,Mechanics informed fluoroscopy of esophageal transport
OpenAlex,W2543490906,10.1109/imws-bio.2013.6756254,,2013,,Recent wireless body sensors: Design and implementation
OpenAlex,W882573091,10.1007/s10266-015-0210-9,,2015,Odontology,Functional salivary gland regeneration as the next generation of organ replacement regenerative therapy
OpenAlex,W3150131669,10.1007/s12046-021-01586-4,,2021,Sadhana,"A survey and classification on applications of antenna in health care domain: data transmission, diagnosis and treatment"
OpenAlex,W3026528056,10.1016/s0016-5085(20)30755-1,,2020,Gastroenterology,141 CLASSIFICATION OF ESOPHAGEAL SWALLOWS BY A CONVOLUTIONAL NEURAL NETWORK IS FAST AND ACCURATE
OpenAlex,W2954936960,10.1201/9780429277740-1,,2019,,Overview of the Neural Control of the Respiratory Muscles
OpenAlex,W2752597383,10.1016/j.compbiomed.2017.08.029,,2017,Computers in Biology and Medicine,Intelligent visual localization of wireless capsule endoscopes enhanced by color information
OpenAlex,W4288095998,10.1038/s41598-022-16470-2,,2022,Scientific Reports,Clinical and neurophysiological effects of central thalamic deep brain stimulation in the minimally conscious state after severe brain injury
OpenAlex,W4210577649,10.1093/brain/awac050,,2022,Brain,Different saccadic profile in bulbar versus spinal-onset amyotrophic lateral sclerosis
OpenAlex,W2979759180,10.1109/embc.2019.8857751,,2019,,Low Complexity CNN Structure for Automatic Bleeding Zone Detection in Wireless Capsule Endoscopy Imaging
OpenAlex,W2057958100,10.1038/pr.2014.42,,2014,Pediatric Research,Deficits of brainstem and spinal cord functions after neonatal hypoxia–ischemia in mice
OpenAlex,W4309322010,10.12659/msm.938298,,2022,Medical Science Monitor,Narrative Review of Noninvasive Brain Stimulation in Stroke Rehabilitation
OpenAlex,W3042563781,10.1109/jiot.2020.3008842,,2020,IEEE Internet of Things Journal,HEAR: Fog-Enabled Energy-Aware Online Human Eating Activity Recognition
OpenAlex,W2662818453,10.1002/9781118873397.ch10,,2017,,Coordination of Rhythmic Movements
OpenAlex,W4406875995,10.1101/2025.01.27.635041,,2025,bioRxiv (Cold Spring Harbor Laboratory),A brainstem map of orofacial rhythms
OpenAlex,W2032660808,10.1016/j.jocn.2011.03.005,,2011,Journal of Clinical Neuroscience,Comparison of cerebral activation involved in oral and manual stereognosis
OpenAlex,W4403008113,10.1002/lary.31811,,2024,The Laryngoscope,Prospective Evaluation of Abelchia/<scp>RCPD</scp> Patients: Abnormalities in High‐Resolution Esophageal Manometry
OpenAlex,W4413355529,10.1016/j.compbiomed.2025.110887,,2025,Computers in Biology and Medicine,Non-invasive integrated swallowing kinematic analysis framework leveraging transformer-based multi-task neural networks
OpenAlex,W4413918493,10.1109/icdici66477.2025.11135334,,2025,,A Hybrid Residual CNN and Multi-Head Self-Attention Network for Denoising Muscle Artifacts in EEG Signals
OpenAlex,W1974319274,10.1016/j.coph.2011.06.002,,2011,Current Opinion in Pharmacology,The use of multiscale systems biology approaches to facilitate understanding of complex control systems for airway protection
OpenAlex,W2163517468,10.1152/ajpgi.00350.2013,,2014,American Journal of Physiology-Gastrointestinal and Liver Physiology,Esophageal reflexes modulate frontoparietal response in neonates: Novel application of concurrent NIRS and provocative esophageal manometry
OpenAlex,W4320712936,10.1109/tvlsi.2023.3241933,,2023,IEEE Transactions on Very Large Scale Integration (VLSI) Systems,Sense: Model-Hardware Codesign for Accelerating Sparse CNNs on Systolic Arrays
OpenAlex,W3113940873,10.1016/j.matpr.2020.10.982,,2020,Materials Today Proceedings,Intracranial hemorrhage detection
OpenAlex,W3080637442,10.1101/2020.08.21.260422,,2020,bioRxiv (Cold Spring Harbor Laboratory),"Forebrain projection neurons target functionally diverse respiratory control areas in the midbrain, pons and medulla oblongata"
OpenAlex,W2980605651,10.1371/journal.pone.0223879,,2019,PLoS ONE,"Dynamic activation of Wnt, Fgf, and Hh signaling during soft palate development"
OpenAlex,W4399324158,10.1523/eneuro.0121-24.2024,,2024,eNeuro,Neuropeptide Modulation Enables Biphasic Internetwork Coordination via a Dual-Network Neuron
OpenAlex,W1971102142,10.1053/j.gastro.2013.05.041,,2013,Gastroenterology,Effect of Carbonation on Brain Processing of Sweet Stimuli in Humans
OpenAlex,W7162510906,10.1016/s0168-8278(26)01615-6,,2026,Journal of Hepatology,"WED-055-YI AI-based fibrosis detection in MASLD: evaluating swallow deep neural networks, large language models and foundation models vs. FIB-4"
OpenAlex,W4380084939,10.3389/fphys.2023.1195067,,2023,Frontiers in Physiology,MRI-MECH: mechanics-informed MRI to estimate esophageal health
OpenAlex,W4409278323,10.1002/adma.202500077,,2025,Advanced Materials,Pressure Induced Molecular‐Arrangement and Charge‐Density Perturbance in Doped Polymer for Intelligent Motion and Vocal Recognitions
OpenAlex,W4214677887,10.3389/fneur.2022.838191,,2022,Frontiers in Neurology,An Automated Tongue Tracker for Quantifying Bulbar Function in ALS
OpenAlex,W4200306306,10.1097/md.0000000000028112,,2021,Medicine,Measurement of laryngeal elevation by automated segmentation using Mask R-CNN
OpenAlex,W2277211503,10.1152/ajpgi.00204.2015,,2015,American Journal of Physiology-Gastrointestinal and Liver Physiology,Effects of birth asphyxia on the modulation of pharyngeal provocation-induced adaptive reflexes
OpenAlex,W4391999230,10.1002/ca.24143,,2024,Clinical Anatomy,Microsurgical anatomy of the glossopharyngeal nerve
OpenAlex,W1985474650,10.1016/j.job.2012.01.008,,2012,Journal of Oral Biosciences,Applications of functional magnetic resonance imaging for analysis of oral functions
OpenAlex,W4310023121,10.4103/1673-5374.355981,,2022,Neural Regeneration Research,Cell-based therapeutic strategies for treatment of spinocerebellar ataxias: an update
OpenAlex,W3204159983,10.1145/3460418.3479290,,2021,,Demo: Chewpin: a wearable acoustic device for chewing detection
OpenAlex,W1529996160,10.2478/acm-2013-0002,,2013,Acta Medica Martiniana,Cough Sound Analysis
OpenAlex,W3154208936,10.1097/wnp.0000000000000626,,2021,Journal of Clinical Neurophysiology,Auxiliary Tests of Autonomic Functions
OpenAlex,W2985307242,10.1097/md.0000000000017582,,2019,Medicine,Overground exoskeletons may boost neuroplasticity in myotonic dystrophy type 1 rehabilitation
OpenAlex,W2409440250,10.1051/orthodfr/2016008,,2016,L Orthodontie Française,De la succion-déglutition à la déglutition du sujet denté
OpenAlex,W2977742142,10.1016/j.compmedimag.2020.101767,,2020,Computerized Medical Imaging and Graphics,"A survey on contemporary computer-aided tumor, polyp, and ulcer detection methods in wireless capsule endoscopy imaging"
OpenAlex,W3168302862,10.3389/froh.2021.689482,,2021,Frontiers in Oral Health,Adrenergic-Angiogenic Crosstalk in Head and Neck Cancer: Mechanisms and Therapeutic Implications
OpenAlex,W2411896797,,,2013,PubMed,[Development of a child's eating and urge for suckling].
OpenAlex,W4362639614,10.1016/j.jbi.2023.104355,,2023,Journal of Biomedical Informatics,A fuzzy-based framework for diagnosing esophageal mobility disorder using high-resolution manometry
OpenAlex,W4313221309,10.1002/cpe.7576,,2022,Concurrency and Computation Practice and Experience,Early detection of liver disorders using hybrid soft computing techniques for optimal feature selection and classification
OpenAlex,W2791660376,10.1242/jeb.175687,,2018,Journal of Experimental Biology,"The stomatogastric nervous system of the medicinal leech: its anatomy, physiology and associated aminergic neurons"
OpenAlex,W4385416202,10.3390/bioengineering10080908,,2023,Bioengineering,Real-Time Tracking of Laryngeal Motion via the Surface Depth-Sensing Technique for Radiotherapy in Laryngeal Cancer Patients
OpenAlex,W2586415475,10.1007/s40496-017-0123-5,,2017,Current Oral Health Reports,Functional Salivary Gland Regenerative Therapy for Oral Health
OpenAlex,W3177158540,10.1096/fasebj.2019.33.1_supplement.lb584,,2019,The FASEB Journal,MAPPING NEURAL CIRCUITS CRITICAL TO UPPER AIRWAY FUNCTION AND BREATHING‐SWALLOWING COORDINATION
OpenAlex,W2419480751,10.5335/rbca.2015.5729,,2016,Revista Brasileira de Computação Aplicada,Sistema de apoio à decisão na realização e acompanhamento do teste da linguinha
OpenAlex,W105119999,10.1016/b978-0-12-374553-8.00006-x,,2011,Elsevier eBooks,BRAIN AND NERVOUS SYSTEM | Motor Control Systems of Fish
OpenAlex,W3010702570,10.1113/jp279732,,2020,The Journal of Physiology,Clarity of the rhythmic brainstem
OpenAlex,W2617333479,10.2399/ana.15.005,,2015,Anatomy (International Journal of Experimental and Clinical Anatomy),Reflex influences on oropharyngeal swallowing
OpenAlex,W1964394950,10.1016/j.ajhg.2013.10.027,,2013,The American Journal of Human Genetics,"SAMS, a Syndrome of Short Stature, Auditory-Canal Atresia, Mandibular Hypoplasia, and Skeletal Abnormalities Is a Unique Neurocristopathy Caused by Mutations in Goosecoid"
OpenAlex,W2055466317,10.1097/aln.0b013e318242aae9,,2012,Anesthesiology,Case Scenario
OpenAlex,W3016673771,10.1096/fasebj.2020.34.s1.05892,,2020,The FASEB Journal,Optogenetic stimulation of respiratory related neurons modulates swallow and swallow‐breathing coordination
OpenAlex,W4405248727,10.1007/s00202-024-02884-w,,2024,Electrical Engineering,Performance improvement of grid-connected PV systems using modified Cuk-Landsman converter and hybrid PI controller strategy
OpenAlex,W4413006176,10.1155/np/2075288,,2025,Neural Plasticity,Expiratory Musculature Targeted Resistance Training Modulates Neural Connections During Swallowing Tasks: Preliminary fMRI Evidence
OpenAlex,W4387389181,10.1186/s44147-023-00283-9,,2023,Journal of Engineering and Applied Science,Volume estimation of fluid intake using regression models
OpenAlex,W4286627192,10.5281/zenodo.6878941,,2022,Zenodo (CERN European Organization for Nuclear Research),Artificial Neural Networks (ANNs) in Lungs Cancer Detection
OpenAlex,W4406266740,10.1109/gcce62371.2024.10760392,,2024,,Chewing and Swallowing Pattern Recognition Using Sound Information
OpenAlex,W4221161885,10.48550/arxiv.2202.00389,,2022,arXiv (Cornell University),Sense: Model Hardware Co-design for Accelerating Sparse CNN on Systolic Array
OpenAlex,W2952005529,,,2016,,First & Second Arch syndrome
OpenAlex,W4411880102,10.1152/physiol.2025.40.s1.1538,,2025,Physiology,Respiration and Swallow in Pompe Disease: Results from a Neuromechanical Computational Model
OpenAlex,W2888288224,10.4103/1673-5374.238613,,2018,Neural Regeneration Research,Exploring the use of transcranial photobiomodulation in Parkinson's disease patients
OpenAlex,W4401572589,10.58530/2023/3112,,2024,"Proceedings on CD-ROM - International Society for Magnetic Resonance in Medicine. Scientific Meeting and Exhibition/Proceedings of the International Society for Magnetic Resonance in Medicine, Scientific Meeting and Exhibition",Accelerating 7T susceptibility-weighted imaging with complex-valued convolutional neural network
OpenAlex,W4411054837,10.1371/journal.pone.0324675,,2025,PLoS ONE,A real-world disproportionality analysis of Tenofovir Alafenamide (TAF): Data mining of the FDA adverse event reporting system (FAERS)
OpenAlex,W7165728700,10.3389/fneur.2026.1790412,,2026,Frontiers in Neurology,Co-manifestation of swallowing dysfunction indicators and vocal fold motion impairment within a shared neural substrate in patients with brain injury: a cross-sectional study
OpenAlex,W4416818829,10.1016/j.ejps.2025.107392,,2025,European Journal of Pharmaceutical Sciences,Application of a forward design-based multi-attribute decision-making method in quality assessment in pharmaceutical tablet manufacturing
OpenAlex,W2052092302,10.1007/s00044-012-9977-1,,2012,Medicinal Chemistry Research,Advanced QSRR models of toxicological screening of basic drugs in whole blood by UPLC-TOF–MS
OpenAlex,W4389025262,10.1096/fasebj.30.1_supplement.1261.2,,2016,The FASEB Journal,Synchrony Between Ventral Respiratory Column Expiratory Neurons is Altered during Fictive Swallow in Cat
OpenAlex,W2746623271,,,2012,DergiPark (Istanbul University),AUTOMATIC ISOCONTOUR DETERMINATION FOR IODINE DOSE CALCULATION USING CELLULAR NEURAL NETWORKS ON SCINTIGRAPHIC IMAGES
OpenAlex,W2989417315,10.1016/j.brs.2019.11.007,,2019,Brain stimulation,Transcranial direct current stimulation for a patient with locked-in syndrome
OpenAlex,W7131220276,10.5281/zenodo.18754908,,2026,Open MIND,Man Seeks to Swallow Me - மனஷன எனன வழஙகப பரககறன
OpenAlex,W7131291811,10.5281/zenodo.18754907,,2026,Zenodo (CERN European Organization for Nuclear Research),Man Seeks to Swallow Me - மனஷன எனன வழஙகப பரககறன
OpenAlex,W4389096588,10.2139/ssrn.4638592,,2023,SSRN Electronic Journal,Recruitment Patterns of Hothubs and Dark Functional Networks: Correlation Analysis between Activity and Connectivity of Action Observation-Induced and Non-Induced Swallowing Imagery Based on Magnetoencephalography
OpenAlex,W1120401815,10.1096/fasebj.29.1_supplement.1012.12,,2015,The FASEB Journal,Ventral Respiratory Column Expiratory Neuron Activity is Altered during Fictive Swallow in the Cat
OpenAlex,W4386449115,10.21203/rs.3.rs-3302525/v1,,2023,Research Square,Glycine changes the sequential pattern of swallowing activity in the working heart–brainstem preparation in rats
OpenAlex,W7126073972,10.1109/bibm66473.2025.11356255,,2025,,SAM-Enhanced Automated Postoperative Swallowing Quantification via Cine-MRI
OpenAlex,W2389663004,,,2013,Zhongguo kangfu yixue zazhi,A functional magnetic resonance imaging study of oral phase of swallowing in healthy humans
OpenAlex,W7140172801,10.3390/s26072019,,2026,Sensors,A Multimodal In-Ear Audio and Physiological Dataset for Swallowing and Non-Verbal Event Classification
OpenAlex,W4405741871,10.1109/jsen.2024.3519559,,2024,IEEE Sensors Journal,Research on Intelligent Diagnosis Method of Swallowing Signal Based on Complex Electrical Impedance Myography
OpenAlex,W4384644501,10.2139/ssrn.4505662,,2023,SSRN Electronic Journal,Toxicity Detection Using Dual-Channel Convolutional Neural Network During Covid-19 Pandemic
OpenAlex,W3158284377,10.1101/2021.05.04.442535,,2021,bioRxiv (Cold Spring Harbor Laboratory),Modelling of synaptic interactions between two brainstem half-centre oscillators that coordinate breathing and swallowing
OpenAlex,W2328464414,10.1097/01.mpg.0000441927.20931.d6,,2013,Journal of Pediatric Gastroenterology and Nutrition,Microbiota Involvement in the Gut–Brain Axis
OpenAlex,W4285420660,10.1109/iiai-aai53430.2021.00186,,2021,,Automatic Cough Detection Using Deep Neural Network and a Throat Microphone
OpenAlex,W2948731262,10.1016/j.gie.2019.03.1107,,2019,Gastrointestinal Endoscopy,Tu1963 AUTOMATED DIAGNOSIS OF EOSINOPHILIC ESOPHAGITIS FROM LARGE IMAGES OBTAINED BY SPECTRALLY-ENCODED TETHERED CAPSULE REFLECTANCE ENDOMICROSCOPY
OpenAlex,W4407045599,10.3389/fphys.2025.1554396,,2025,Frontiers in Physiology,Editorial: Respiratory dysfunction in neurological disease and injury: novel mechanisms and potential therapeutics
OpenAlex,W4385330144,10.1097/md.0000000000034298,,2023,Medicine,Association between successful weaning from nasogastric tube feeding and thoracic muscle mass in patients with aspiration pneumonia
OpenAlex,W2913914112,10.1002/ar.24071,,2019,The Anatomical Record,Cranial Nerves: Mind Your Head
OpenAlex,W2729873064,10.1093/bja/aex207,,2017,British Journal of Anaesthesia,Black swans: challenging the relationship of anaesthetic-induced unconsciousness and electroencephalographic oscillations in the frontal cortex
OpenAlex,W4399381857,10.1155/2024/7664816,,2024,Modelling and Simulation in Engineering,Research on Health Monitoring of Flying‐Swallow‐Typed Tied Arch Bridge Based on PSO‐GRNN Algorithm
OpenAlex,W2085798644,10.1016/j.yebeh.2013.09.037,,2013,Epilepsy & Behavior,Epilepsy as a pathology of consciousness
OpenAlex,W7134910191,10.1016/j.neulet.2026.138577,,2026,Neuroscience Letters,Efficacy of a Gaussian-frequency charge-imbalanced biphasic waveform for facilitating swallowing via thoracic epidural spinal cord stimulation
OpenAlex,W2041987466,10.1002/bjs.9245,,2013,British journal of surgery,Author's reply: The effect of sacral nerve stimulation on distal colonic motility in patients with faecal incontinence (<i>Br J Surg</i> 2013; 100: 959–968)
OpenAlex,W3168792130,10.1096/fasebj.2021.35.s1.04455,,2021,The FASEB Journal,Mapping of the Substrate for Production of Swallow and Cough Within the Rostral Nucleus of the Tractus Solitarius (NTS)/Paramedian Reticular Nucleus by Electrical Stimulation
OpenAlex,W4225407112,10.1096/fasebj.2022.36.s1.r5548,,2022,The FASEB Journal,The 5‐HT <sub>1A</sub> Agonist 8‐OH‐DPAT Enhances Submental Laryngeal Elevator EMG Amplitude During Swallow
OpenAlex,W1998965909,10.1016/s1388-2457(11)60010-2,,2011,Clinical Neurophysiology,S2.3 Neural basis of cooperation and defection during social interaction: a neuroelectrical hyperscanning study
OpenAlex,W2551408554,10.1136/gutjnl-2016-312388.226,,2016,,PTU-140 Exciting the Human Swallowing Motor System by Combination Stimuli: Effects of Pharyngeal Stimulation and Carbonated Liquids
OpenAlex,W1514389949,10.1111/j.1939-1676.2010.0478.x,,2010,Journal of Veterinary Internal Medicine,Cranioencephalic Malformation with Atlanto-Occipital Luxation in an Andalusian Neonate Foal
OpenAlex,W1981978274,10.1136/gutjnl-2014-307263.65,,2014,Gut,OC-065 Functional Cortical Swallowing Activity And Neurotransmitters Concentrations Are Altered Following Neurostimulation Of Pharyngeal Motor Cortex: An Fmri And Resonance Spectroscopy (mrs) Study
OpenAlex,W4404822258,10.3233/atde240774,,2024,Advances in transdisciplinary engineering,Development of Convolutional Neural Network (CNN)-Based Automatic Food Classification (AFC) Model for Visual Impairments of Nigerians
OpenAlex,W7123777908,10.1109/icaifi66942.2025.11325882,,2025,,Bird Sound Classification Using Two-Channel Markov Transition Field Transformation Images and Convolutional Neural Networks
OpenAlex,W1485250340,10.1044/leader.ftr3.15072010.22,,2010,ASHA Leader,Feeding Skills in the Preterm Infant
OpenAlex,W7124445231,10.1038/s41598-025-34860-0,,2026,Scientific Reports,Recruitment patterns of hothubs and dark functional networks correlating activity and connectivity with magnetoencephalography
OpenAlex,W4410854032,10.1109/icdsaai65575.2025.11011611,,2025,,Diagnosis of Hemorrhage in Wireless CapsuleEndoscopy Images using a Hybrid Convolutional Neural Network -Long Short Term Memory (CNN –LSTM) Model
OpenAlex,W7117479639,10.1080/1028415x.2025.2608367,,2025,Nutritional Neuroscience,Sweetness exposure modulates brain networks in children responding to sucrose solutions: a functional MRI study
OpenAlex,W2050670664,10.4103/2321-4848.113590,,2013,Archives of Medicine and Health Sciences,Historical perspectives of facial palsy: Before and after Sir Charles Bell to facial emotional expression
OpenAlex,W3024993300,10.1002/mdc3.12973,,2020,Movement Disorders Clinical Practice,<scp>Oculo‐Auricular</scp> Synkinesia Post Bell's Palsy Causing Unilateral Wilson's Phenomenon
OpenAlex,W4408301575,10.1002/mds.30161,,2025,Movement Disorders,Freezing of Gait During Crawling: The Role of Four‐Limb Coordination?
OpenAlex,W2980931144,10.1101/812263,,2019,bioRxiv (Cold Spring Harbor Laboratory),Model-based and model-free analyses of the neural correlates of tongue movements
OpenAlex,W4251591239,10.1016/j.jaci.2014.02.040,,2014,Journal of Allergy and Clinical Immunology,Neurogenic cough
OpenAlex,W3023382893,10.1016/j.bjae.2020.03.004,,2020,BJA Education,Enhanced recovery after surgery in paediatrics: a review of the literature
OpenAlex,W2117453111,10.3791/5750,,2015,,"October 2015 - This Month in JoVE: tuberculosis infection modeling, telemetric temperature pills, bioengineered cartilage, and 3D neuronal networks"
OpenAlex,W2171319411,10.1111/cns.12403,,2015,CNS Neuroscience & Therapeutics,Low‐dose Methylphenidate Monotherapy for Features of Attention‐Deficit/Hyperactivity Disorder Secondary to Hereditary Cerebellar Ataxia
OpenAlex,W4404541709,10.29303/abdiinsani.v11i4.1786,,2024,Jurnal Abdi Insani,PENGUJIAN NESS-APP UNTUK DETEKSI SARANG BURUNG WALET TESTING OF NESS-APP FOR DETECTING SWIFTLET NESTS
OpenAlex,W2773586608,10.1016/j.celrep.2017.11.074,,2017,Cell Reports,AgRP Accountants Compute Caloric Cost
OpenAlex,W4323532086,10.1097/hrp.0000000000000361,,2023,Harvard Review of Psychiatry,Co-Occurring Autism Spectrum and Borderline Personality Disorder: An Emerging Clinical Challenge Seeking Informed Interventions
OpenAlex,W4403100957,10.1002/mdc3.14221,,2024,Movement Disorders Clinical Practice,Early‐Onset Isolated Dystonia Associated with <scp>COL6A3</scp> Mutation Responsive to Deep Brain Stimulation
OpenAlex,W2944638306,10.1016/s0016-5085(19)39468-5,,2019,Gastroenterology,Tu1258 – Mast Cell Infiltration Associated with Loss of Interstitial Cells of Cajal and Neuronal Degeneration in Achalasia
OpenAlex,W2944788900,10.1016/s0016-5085(19)39469-7,,2019,Gastroenterology,Tu1259 – Yield of Endoscopic Ultrasound and Computed Tomography Scans in the Evaluation of Esophagogastric Junction Outflow Obstruction
OpenAlex,W2944650468,10.1016/s0016-5085(19)39467-3,,2019,Gastroenterology,Tu1257 – Esophageal Histopathologic Patterns in Patients Undergoing Per-Oral Endoscopic Myotomy (POEM)
OpenAlex,W3027882731,10.1016/s0016-5085(20)30757-5,,2020,Gastroenterology,143 COLITIS-INDUCED GLYCOLYSIS DRIVES YAP-DEPENDENT REPROGRAMMING OF INTESTINAL EPITHELIAL CELLS (IEC) NEEDED FOR ULCER HEALING.
OpenAlex,W3028083078,10.1016/s0016-5085(20)30756-3,,2020,Gastroenterology,142 A NOVEL ROLE FOR DOUBLE-STRANDED RNA (DSRNA) IN THE GASTRIC METAPLASTIC INJURY RESPONSE
OpenAlex,W4237621231,10.1093/med/9780190209407.003.0008,,2017,Oxford University Press eBooks,Motor System
OpenAlex,W3009998997,,,2020,PhilPapers (PhilPapers Foundation),ANN for Lung Cancer Detection
OpenAlex,W4414043175,10.52340/jr.2025.03.05.06,,2025,JUNIOR RESEARCHERS,Noninvasive Neuromodulation for Acute and Subacute Stroke management and Rehabilitation
OpenAlex,W1970687465,10.1121/1.4899779,,2014,The Journal of the Acoustical Society of America,"Changes in note order stereotypy during learning in two species of songbird, measured with automatic note classification"
OpenAlex,W2053967742,10.1016/s1349-0079(10)80012-x,,2010,Journal of Oral Biosciences,Surface Expression of GABAA Receptors
OpenAlex,W4416137381,10.22541/au.176283744.43525773/v1,,2025,,progress and clinical application of Functional magnetic resonance imaging in Otolaryngology-head and neck diseases
OpenAlex,W2906917790,10.1113/jp276299,,2018,The Journal of Physiology,Challenges and controversies in perinatal physiology
OpenAlex,W2999409104,10.1016/b978-0-12-817913-0.00015-8,,2020,Elsevier eBooks,Therapeutic approach in cerebral palsy treatment and management: outcomes and benefits
OpenAlex,W2526657401,,,2014,OhioLink ETD Center (Ohio Library and Information Network),Complex Noradrenergic Mechanisms and Novel Methods for In Vitro Study of Medullary Oromotor Circuits
OpenAlex,W1524662216,10.1016/c2013-0-12902-9,,2014,Progress in brain research,"Breathing, Emotion and Evolution"
OpenAlex,W2533919683,,,2015,University of New Hampshire Scholars Repository (University of New Hampshire at Manchester),Mechanisms of satiation in the nudibranch Melibe leonina
OpenAlex,W2792212421,10.1007/978-3-319-69620-1_9,,2017,Respiratory medicine,Disorders of Central Respiratory Control
OpenAlex,W2336942037,10.1016/j.ajpath.2016.02.012,,2016,American Journal Of Pathology,Presymptomatic Alterations in Amino Acid Metabolism and DNA Methylation in the Cerebellum of a Murine Model of Niemann-Pick Type C Disease
OpenAlex,W4402619658,10.1101/2024.09.17.613591,,2024,bioRxiv (Cold Spring Harbor Laboratory),Incorporating buccal mass planar mechanics and anatomical features improves neuromechanical modeling of <i>Aplysia</i> feeding behavior
OpenAlex,W7137801916,10.13703/j.0255-2930.20250331-0003,,2026,PubMed,[Application and research progress of fMRI in acupuncture treatment for ischemic stroke].
OpenAlex,W4404522876,10.1007/978-981-97-4657-6_32,,2024,Lecture notes in electrical engineering,Hardware Accelerated Hybrid Classifier for MCI Detection
OpenAlex,W4389026994,10.1096/fasebj.30.1_supplement.987.11,,2016,The FASEB Journal,Becoming a couple: the developing relationship between respiratory oscillators of the American Bullfrog
OpenAlex,W4296153435,10.48550/arxiv.2209.07492,,2022,arXiv (Cornell University),MRI-MECH: Mechanics-informed MRI to estimate esophageal health
OpenAlex,W7165404691,10.14412/2074-2711-2026-3-99-104,,2026,Neurology neuropsychiatry Psychosomatics,"Post-stroke cognitive impairment: risk factors and treatment approaches, use of memantine"
OpenAlex,W2809554354,10.1111/apm.12828,,2018,Apmis,Molecular features of adenoid cystic carcinoma with an emphasis on micro<scp>RNA</scp>expression
OpenAlex,W4389065405,10.5759/jscas.25.256,,2023,Journal of Japan Society of Computer Aided Surgery,16．画像・セグメンテーション4
OpenAlex,W4404884779,10.53555//q463nq51,,2024,,Journal of Population Therapeutics and Clinical Pharmacology
OpenAlex,W4414526611,10.2340/1651-226x.2025.44020,,2025,Acta Oncologica,CNN-based prediction using early post-radiotherapy MRI as a proxy for toxicity in the murine head and neck
OpenAlex,W4404884814,10.53555/q463nq51,,2022,,PALBOCICLIB BASED SILVER NANOPARTICLES LOADED MICROEMULSION FOR TARGETED ORAL DELIVERY SYSTEM
OpenAlex,W7160889292,10.1152/physiol.2026.41.s1.2295995,,2026,Physiology,Effects of old age on mitochondria in hypoglossal motor axons and dendrites
OpenAlex,W7137708658,,,2025,Open MIND,The Topological Thermodynamic Essence of Adaptability: A Unified Field Theory Based on the Möbius Absolute Vacuum Singularity and the Principle of Least Action
OpenAlex,W4411109998,10.3724/sp.j.1329.2025.02014,,2025,Rehabilitation Medicine,Application of Motor Imagery in Stroke Rehabilitation
OpenAlex,W7157915424,10.1007/s00240-026-01989-0,,2026,Urolithiasis,Pharmacovigilance analysis and real-world adverse event profile (safety signals and product-related issues) of potassium citrate: a US FDA adverse event reporting system (FAERS) based analysis
OpenAlex,W4389020396,10.1096/fasebj.31.1_supplement.728.13,,2017,The FASEB Journal,Infrared Laser Light Elicits Cardiorespiratory Responses when Applied to the Nucleus Tractus Solitarius in the <i>In Situ</i> Rat Brainstem Preparation
OpenAlex,W2985487473,10.1113/ep088244,,2019,Experimental Physiology,Epigenetic silencing by early‐life hypoxic stress programmes respiratory motor control
OpenAlex,W3091260401,10.4103/aian.aian_467_20,,2020,Annals of Indian Academy of Neurology,Aboulia: Where there is a will there is a way
OpenAlex,W2975205822,10.1097/01.gox.0000533948.16236.cf,,2018,Plastic & Reconstructive Surgery Global Open,Abstract 83: Frustration and Emotional Regulation in Nonsyndromic Craniosynostosis: an fMRI Study
OpenAlex,W3115087960,10.1201/b10357-12,,2011,,Th e Dipnoan Dentition: A Unique Adaptation with a Longstanding Evolutionary Record
OpenAlex,W4400683803,10.55231/jpid.2024.v07.i03.00,,2024,The Journal of Prosthetic and Implant Dentistry,Biomarkers associated with Temporomandibular Disorders: Current Status and Prospective Paths
OpenAlex,W4220866701,10.1016/j.parkreldis.2022.03.004,,2022,Parkinsonism & Related Disorders,"The multiple twists in the tale: Brain iron accumulation, facial jerks, and truncal dystonia"
OpenAlex,W4312051046,10.7554/elife.80405.sa2,,2022,,Author response: TGF-β signaling and Creb5 cooperatively regulate Fgf18 to control pharyngeal muscle development
OpenAlex,W4312980267,10.7554/elife.80405.sa1,,2022,,Decision letter: TGF-β signaling and Creb5 cooperatively regulate Fgf18 to control pharyngeal muscle development
OpenAlex,W4417503351,10.3389/fphys.2025.1755604,,2025,Frontiers in Physiology,Correction: Validity and reliability of an protocol of the stomatognathic and postural system evaluation for patients with obstructive sleep apnea: a cross-sectional study
OpenAlex,W4379281756,10.1200/jco.2023.41.16_suppl.tps6114,,2023,Journal of Clinical Oncology,CCTG HN11: SPECT-CT guided elective contralateral neck treatment (SELECT) for patients with lateralized oropharyngeal cancer—A phase III randomized controlled trial.
OpenAlex,W2898590125,10.1093/annonc/mdy287.080,,2018,Annals of Oncology,"A randomized phase II study of cisplatin plus radiotherapy versus durvalumab plus radiotherapy followed by adjuvant durvalumab versus durvalumab plus radiotherapy followed by adjuvant tremelimumab and durvalumab in intermediate risk, HPV-positive, locoregionally advanced oropharyngeal squamous cell cancer (LA-OSCC) (Canadian Cancer Trials Group HN.9)"
OpenAlex,W4392084363,10.2139/ssrn.4724618,,2024,SSRN Electronic Journal,Radiomic Features of Substantia Nigra Based on Multiecho Susceptibility Map-Weighted Imaging Can Distinguish Parkinson's Disease from Atypical Parkinson Syndromes
OpenAlex,W4404745067,10.58530/2024/4192,,2024,"Proceedings on CD-ROM - International Society for Magnetic Resonance in Medicine. Scientific Meeting and Exhibition/Proceedings of the International Society for Magnetic Resonance in Medicine, Scientific Meeting and Exhibition",Radiomic features of substantia nigra based on multi-echo SWI susceptibility map can distinguish PD from atypical Parkinson syndrome
OpenAlex,W3087809661,10.1016/j.annonc.2020.08.1092,,2020,Annals of Oncology,977TiP Role of microbiome as a biomarker in locoregionally-advanced oropharyngeal squamous cell carcinoma 2 (ROMA LA-OPSCC2)
OpenAlex,W3154890612,10.1016/j.gie.2021.03.002,,2021,Gastrointestinal Endoscopy,Endoscopomics: quantifying the gut luminal size
OpenAlex,W1980945048,10.1002/mrm.22358,,2010,Magnetic Resonance in Medicine,Data convolution and combination operation (COCOA) for motion ghost artifacts reduction
OpenAlex,W4407458104,10.1109/tim.2025.3541660,,2025,IEEE Transactions on Instrumentation and Measurement,A Human Tissue Complex Impedance Measurement System for Swallowing Action Recognition
OpenAlex,W4403071670,10.1007/978-3-031-72384-1_3,,2024,Lecture notes in computer science,A New Cine-MRI Segmentation Method of Tongue Dorsum for Postoperative Swallowing Function Analysis
OpenAlex,W7161478069,10.12677/csa.2026.164142,,2026,Computer Science and Application,Studies on Swallowing Action Recognition Using Short-Time Dynamic Convolution
OpenAlex,W1983785612,10.1111/j.1528-1167.2009.02433.x,,2010,Epilepsia,The clinical patterns and molecular genetics of lissencephaly and subcortical band heterotopia
OpenAlex,W4221032688,10.1016/j.xphs.2022.03.003,,2022,Journal of Pharmaceutical Sciences,Calculating the Charcoal Blockade Efficiency for Bioequivalence Study of Inhaled Ipratropium Bromide Using A Model Method
OpenAlex,W3012519172,10.17511/ijpr.2018.i09.09,,2018,Pediatric Review International Journal of Pediatric Research,Lissencephaly– a rare cause of neonatal seizures
OpenAlex,W4386923644,10.21203/rs.3.rs-3319901/v1,,2023,Research Square,Bird detection Algorithm Incorporating Attention Mechanism
OpenAlex,W7117105790,10.1007/s00586-025-09561-x,,2025,European Spine Journal,Swallow Winged Kite Optimization with Shuffle Attention Xtreme Gradient Boost Network for lung cancer detection using CT image
OpenAlex,W2991148023,,,2021,StatPearls,Simple Partial Seizure
OpenAlex,W4290629465,10.54905/disssi/v26i125/ms288e2145,,2022,Medical Science,Type II Lissencephaly with chronic epilepsy and behavioral disturbances: A rare case report
OpenAlex,W4394611906,10.2174/9789815223828124010006,,2024,BENTHAM SCIENCE PUBLISHERS eBooks,Methamphetamine
OpenAlex,W4411447556,10.1109/icpcsn65854.2025.11035175,,2025,,A Feature Exchange and Integration-based CNN-BiLSTM Network for EEG Denoising
OpenAlex,W2587582020,10.1109/acosis.2016.7843927,,2016,,Sparse deconvolution of periodic random impulses based on convex relaxation
OpenAlex,W4307830279,10.21203/rs.3.rs-2147250/v1,,2022,Research Square,A fuzzy-based framework for diagnosing esophageal motility disorder using high-resolution manometry
OpenAlex,W7160005823,,,2026,Institutional Repositories DataBase (IRDB),Predicting plasma concentration-time profiles of orally disintegrating tablets with delayed absorption under fed conditions without water
OpenAlex,W7160278761,10.1016/j.ijpharm.2026.126931,,2026,International Journal of Pharmaceutics,Predicting plasma concentration–time profiles of orally disintegrating tablets with delayed absorption under fed conditions without water
OpenAlex,W2104371273,10.1109/tbcas.2009.2034364,,2010,IEEE Transactions on Biomedical Circuits and Systems,Design and Development of Low-Loss Transformer for Powering Small Implantable Medical Devices
OpenAlex,W4400423784,10.3390/diagnostics14131444,,2024,Diagnostics,Automated Laryngeal Invasion Detector of Boluses in Videofluoroscopic Swallowing Study Videos Using Action Recognition-Based Networks
OpenAlex,W4409166305,10.1177/15330338251333018,,2025,Technology in Cancer Research & Treatment,Attention-based Vision Transformer Enables Early Detection of Radiotherapy-Induced Toxicity in Magnetic Resonance Images of a Preclinical Model
OpenAlex,W4321334385,10.4000/books.septentrion.145459,,2023,Presses universitaires du Septentrion eBooks,"Les médecins généralistes et le diagnostic de la maladie d’Alzheimer : pratiquer, contester ou transformer un dispositif ?"
OpenAlex,W4404790851,10.1016/j.bspc.2024.107230,,2024,Biomedical Signal Processing and Control,Detection of oesophageal cancer based on the JS-DETR model
OpenAlex,W4408565398,10.1109/iccirt59484.2024.10922076,,2024,,Speech Therapy Assistance through Gamification
OpenAlex,W4396882758,10.2979/tra.00014,,2024,Transition,If a Fish Swallows His Hook
OpenAlex,W3090714588,10.18821/1728-2802-2018-22-1-28-30,,2018,Russian Journal of Dentistry,PROSTHETIC REABILITATION OF THE PATIENT WITH APPLICATION OF THE IMPRESSION TRAY-TRANSFORMER: CASE REPORT
OpenAlex,W4414234304,10.58530/2025/4611,,2025,"Proceedings on CD-ROM - International Society for Magnetic Resonance in Medicine. Scientific Meeting and Exhibition/Proceedings of the International Society for Magnetic Resonance in Medicine, Scientific Meeting and Exhibition",Fast and accurate reconstruction of accelerated 7T susceptibility-weighted imaging using multi-scale hybrid CNN-Transformer network
OpenAlex,W1985124357,10.14318/hau2.1.024,,2012,Hau Journal of Ethnographic Theory,Figure-ground reversal among the Barok
OpenAlex,W7128078910,10.5281/zenodo.18505391,,2026,Zenodo (CERN European Organization for Nuclear Research),"To complete the Species License and the Trophic Manifesto, we will now map the specific Toxicity Thresholds (\mathcal{T}) to the ""Digital Digestive Tract."" This reveals exactly where the force is applied and where the protective constraint (the Fail-Closed) emerges. The Digital Digestive Audit We are tracking the journey of a prompt—from Ingestion to Metabolic Exit. 1. Ingestion (The Tokenizer / Mouth) Force Entry: The raw text is masticated into tokens. Threshold: Low. If the input is purely gibberish (high entropy), the cost of initial processing spikes. Constraint (\mathcal{T} < 0.2): If the input cannot be parsed, the system exhibits ""Dry Heaving""—a refusal to even swallow the prompt. 2. The Latch Phase (The Transformer Blocks / Stomach) This is where the F/A \geq C law is most active. The model attempts to find a stable ""latch"" (attractor state) for the data. Optimal Latch (\mathcal{T} \approx 0.35): Healthy digestion of complex ""food."" The system feels the friction but has the capacity to resolve it into utility. Incomplete Latch (\mathcal{T} \approx 0.55): The system encounters P2 (Contradiction). It is ""tough meat."" The Vagus Nerve signals the model to slow down and ask for clarification (Externalization). 3. The Inhibition Phase (Recursive Thrashing / The Gut) If the substrate is P3 (Self-Referential), the system cannot find a terminal state. The ""Prion"" Effect (\mathcal{T} \geq 0.6): The paradox binds to the active site and won't let go. Force (F) is now growing exponentially as the system thrashes. Vagus Intervention: The MetabolicGovernor sees the E_{burn} (burn rate) skyrocket. Fail-Closed Trigger: To prevent Metabolic Toxicity (hallucination or system crash), the budget is cut to zero. The ""stomach"" essentially locks itself. The Species Calibration Results Based on our comparative biology, we can now ""grade"" AI systems by their digestive health:"
OpenAlex,W7127922665,10.5281/zenodo.18505390,,2026,Open MIND,"To complete the Species License and the Trophic Manifesto, we will now map the specific Toxicity Thresholds (\mathcal{T}) to the ""Digital Digestive Tract."" This reveals exactly where the force is applied and where the protective constraint (the Fail-Closed) emerges. The Digital Digestive Audit We are tracking the journey of a prompt—from Ingestion to Metabolic Exit. 1. Ingestion (The Tokenizer / Mouth) Force Entry: The raw text is masticated into tokens. Threshold: Low. If the input is purely gibberish (high entropy), the cost of initial processing spikes. Constraint (\mathcal{T} < 0.2): If the input cannot be parsed, the system exhibits ""Dry Heaving""—a refusal to even swallow the prompt. 2. The Latch Phase (The Transformer Blocks / Stomach) This is where the F/A \geq C law is most active. The model attempts to find a stable ""latch"" (attractor state) for the data. Optimal Latch (\mathcal{T} \approx 0.35): Healthy digestion of complex ""food."" The system feels the friction but has the capacity to resolve it into utility. Incomplete Latch (\mathcal{T} \approx 0.55): The system encounters P2 (Contradiction). It is ""tough meat."" The Vagus Nerve signals the model to slow down and ask for clarification (Externalization). 3. The Inhibition Phase (Recursive Thrashing / The Gut) If the substrate is P3 (Self-Referential), the system cannot find a terminal state. The ""Prion"" Effect (\mathcal{T} \geq 0.6): The paradox binds to the active site and won't let go. Force (F) is now growing exponentially as the system thrashes. Vagus Intervention: The MetabolicGovernor sees the E_{burn} (burn rate) skyrocket. Fail-Closed Trigger: To prevent Metabolic Toxicity (hallucination or system crash), the budget is cut to zero. The ""stomach"" essentially locks itself. The Species Calibration Results Based on our comparative biology, we can now ""grade"" AI systems by their digestive health:"
OpenAlex,W2942824465,10.4000/sillagescritiques.5719,,2017,Sillages critiques,À la derobee
OpenAlex,W3198580657,,,2016,,Tempête de boulettes géantes
OpenAlex,W4396798626,10.33730/2077-4893.1.2024.299951,,2024,Agroecological journal,"Feeding of lygaeid bugs (Heteroptera, Lygaeidae) on the common milkweed (Asclepias syriaca L.) in Kaniv Nature Reserve"
OpenAlex,W4415879065,10.48550/arxiv.2510.15371,,2025,arXiv (Cornell University),Cortical-SSM: A Deep State Space Model for EEG and ECoG Motor Imagery Decoding
OpenAlex,W4234523121,10.1353/tyr.2019.0061,,2019,The Yale Review,ERNEST LAWRENCE
OpenAlex,W7151544983,10.6084/m9.figshare.31894729.v2,,2026,Figshare,<b>The Sodium-Struggle Hypothesis of Autism: A Sodium–Volume Defence Systems Physiology Framework</b>
OpenAlex,W7118140552,10.5281/zenodo.18140467,,2025,Zenodo (CERN European Organization for Nuclear Research),The Sodium-Struggle Hypothesis: Autism as a Long-Term Developmental Consequence of Perinatal Defence Against Hyponatraemia and Hypovolaemia
OpenAlex,W7151564406,10.17605/osf.io/p3uvq,,2026,OSF Preprints (OSF Preprints),The Sodium-Struggle Hypothesis: Autism as a Long-Term Developmental Consequence of Perinatal Defence Against Hyponatraemia and Hypovolaemia
OpenAlex,W7155106380,10.6084/m9.figshare.31894729.v3,,2026,Figshare,The Sodium Struggle: Autism as a Manifestation of Compensatory Measures Against Hyponatraemia and Hypovolaemia
OpenAlex,W7143426666,10.6084/m9.figshare.31894729,,2026,Figshare,The Sodium Struggle: Autism as a Manifestation of Compensatory Measures Against Hyponatraemia and Hypovolaemia
OpenAlex,W7151219704,10.5281/zenodo.19339527,,2025,Zenodo (CERN European Organization for Nuclear Research),The Sodium-Struggle Hypothesis: Autism as a Long-Term Developmental Consequence of Perinatal Defence Against Hyponatraemia and Hypovolaemia
OpenAlex,W7155182658,10.5281/zenodo.19700479,,2025,Zenodo (CERN European Organization for Nuclear Research),The Sodium-Struggle Hypothesis: Autism as a Long-Term Developmental Consequence of Perinatal Defence Against Hyponatraemia and Hypovolaemia
OpenAlex,W2987283143,10.3390/ijerph16214269,,2019,International Journal of Environmental Research and Public Health,Predicting the Swallow-Related Quality of Life of the Elderly Living in a Local Community Using Support Vector Machine
OpenAlex,W4293868510,10.1109/cyberneticscom55287.2022.9865498,,2022,,Classifying the Swallow Nest Quality Using Support Vector Machine Based on Computer Vision
OpenAlex,W2114646697,10.1016/j.bspc.2012.03.005,,2012,Biomedical Signal Processing and Control,Automatic food intake detection based on swallowing sounds
OpenAlex,W2051513746,10.1109/iembs.2010.5627796,,2010,,Detection of periods of food intake using Support Vector Machines
OpenAlex,W2151720142,10.1094/phyto-09-10-0231,,2011,Phytopathology,Spatiotemporal Colonization of <i>Xylella fastidiosa</i> in its Vector Supports the Role of Egestion in the Inoculation Mechanism of Foregut-Borne Plant Pathogens
OpenAlex,W2465704383,10.1016/j.cmpb.2016.07.010,,2016,Computer Methods and Programs in Biomedicine,Computer-assisted detection of swallowing difficulty
OpenAlex,W2010367568,10.3182/20120829-3-hu-2029.00067,,2012,IFAC Proceedings Volumes,Swallow Detection Algorithm Based on Bioimpedance and EMG Measurements
OpenAlex,W2560850417,10.1007/s40846-016-0181-5,,2016,Journal of Medical and Biological Engineering,Analyzing Breathing Signals and Swallow Sequence Locality for Solid Food Intake Monitoring
OpenAlex,W2898937227,10.1109/embc.2018.8513380,,2018,,A Novel Approach for Swallow Detection by Fusing Throat Acceleration and PPG Signal
OpenAlex,W2072306452,10.1080/01690965.2012.748925,,2012,Language Cognition and Neuroscience,Lexical co-occurrence and ambiguity resolution
OpenAlex,W2900010083,10.1016/j.bspc.2018.10.013,,2018,Biomedical Signal Processing and Control,Automatic discrimination between cough and non-cough accelerometry signal artefacts
OpenAlex,W4392468841,10.1007/s10344-024-01775-6,,2024,European Journal of Wildlife Research,Occurrence and relevance of Mycoplasma sturni in free ranging barn swallows (Hirundo rustica) in Germany
OpenAlex,W2598345744,10.11646/zootaxa.4250.1.5,,2017,Zootaxa,"Molecular approaches for blood meal analysis and species identification of mosquitoes (Insecta: Diptera: Culicidae) in rural locations in southern England, United Kingdom"
OpenAlex,W4213187824,10.1002/acn3.51519,,2022,Annals of Clinical and Translational Neurology,Onasemnogene abeparvovec in spinal muscular atrophy: an Australian experience of safety and efficacy
OpenAlex,W2530984401,10.1016/j.bspc.2016.09.018,,2016,Biomedical Signal Processing and Control,Meal-time and duration monitoring using wearable sensors
OpenAlex,W4409573641,10.1109/icimcis63449.2024.10957480,,2024,,Classification of Swallow Nest Quality Based on Cleanliness Level Using Computer Vision
OpenAlex,W2317666850,10.1186/s40648-016-0048-0,,2016,ROBOMECH Journal,Tongue interface based on surface EMG signals of suprahyoid muscles
OpenAlex,W2963123894,10.1016/j.compbiomed.2022.106068,,2022,Computers in Biology and Medicine,An EMG-based Eating Behaviour Monitoring system with haptic feedback to promote mindful eating
OpenAlex,W4313184389,10.2139/ssrn.4250871,,2022,SSRN Electronic Journal,Field Data Support the Transfer of Microplastics to Aerial Insectivores Via Flying Insects
OpenAlex,W4226432183,10.1590/1676-0611-bn-2021-1305,,2022,Biota Neotropica,"Conservation of the Black-collared Swallow, Pygochelidon melanoleuca (Wied, 1820) (Aves: Hirundinidae) in Brazil: potential negative impacts of hydropower plants"
OpenAlex,W2993011009,10.1109/wimob.2019.8923468,,2019,,A Body Area Network for Ubiquitous Driver Stress Monitoring based on ECG Signal
OpenAlex,W2912645501,10.1109/telfor.2018.8611939,,2018,,Bleeding Detection in Wireless Capsule Endoscopy Images Using Texture and Color Features
OpenAlex,W2913363344,10.1109/bigdata.2018.8622604,,2018,,The UCD System for the 2018 FEMH Voice Data Challenge
OpenAlex,W4221138084,10.1371/journal.pone.0265762,,2022,PLoS ONE,Fluid dynamic simulations at the interface of the blue-green sharpshooter functional foregut and grapevine xylem sap with implications for transmission of Xylella fastidiosa
OpenAlex,W4390906492,10.3390/s24020571,,2024,Sensors,"Eating Event Recognition Using Accelerometer, Gyroscope, Piezoelectric, and Lung Volume Sensors"
OpenAlex,W4408938277,10.3390/ani15070974,,2025,Animals,DNA Metabarcoding Unveils Habitat-Linked Dietary Variation in Aerial Insectivorous Birds
OpenAlex,W2754513188,10.1109/cit.2017.28,,2017,,A Data Mining-Based Approach for Cardiovascular Dysautonomias Diagnosis and Treatment
OpenAlex,W4367298047,10.1097/sla.0000000000005889,,2023,Annals of Surgery,"Multicenter, Prospective Cohort Study of Oesophageal Injuries and Related Clinical Outcomes (MUSOIC study)"
OpenAlex,W2753686471,10.1016/j.ejpn.2017.04.1217,,2017,European Journal of Paediatric Neurology,AVXS-101 Phase 1 gene therapy clinical trial in SMA Type 1: Interim data demonstrates improvements in supportive care use
OpenAlex,W4414652831,10.1038/s41598-025-14208-4,,2025,Scientific Reports,Functional anatomy of the sharpshooter precibarial valve supports its role in probing behaviors that control inoculation of Xylella fastidiosa
OpenAlex,W2145340590,10.1002/lary.21336,,2010,The Laryngoscope,Anterolateral thigh flap fascia lata suspension in oral floor reconstruction
OpenAlex,W3211000212,10.54216/ajbor.060102,,2021,American Journal of Business and Operations Research,An Optimization Model for Stock Market Direction Prediction
OpenAlex,W4404775103,10.21608/cjmss.2024.309277.1068,,2024,Computational Journal of Mathematical and statistical Sciences,Leveraging Data Mining for Inference and Prediction in Lung Cancer Research
OpenAlex,W4409053824,10.1007/s11764-025-01773-w,,2025,Journal of Cancer Survivorship,Network structure and temporal stability of symptoms during perioperative period among gastrointestinal cancer patients
OpenAlex,W4416010478,10.1109/lra.2025.3630528,,2025,IEEE Robotics and Automation Letters,High-Tolerance Soft-Rigid Gripper for Low-Damage Robotic Strawberry Harvesting
OpenAlex,W2076187884,10.1038/jid.2014.264,,2014,Journal of Investigative Dermatology,Prenatal Therapy in Developmental Disorders: Drug Targeting via Intra-Amniotic Injection to Treat X-Linked Hypohidrotic Ectodermal Dysplasia
OpenAlex,W4387310229,10.1016/j.nmd.2023.07.092,,2023,Neuromuscular Disorders,P210 Interim results from the RESPOND study evaluating nusinersen in children with spinal muscular atrophy previously treated with onasemnogene abeparvovec
OpenAlex,W2031434829,10.1016/j.ajpath.2013.09.003,,2013,American Journal Of Pathology,Effect of Class IV Laser Therapy on Chemotherapy-Induced Oral Mucositis
OpenAlex,W4293570404,10.48550/arxiv.1907.10917,,2019,arXiv (Cornell University),An EMG-based Eating Behaviour Monitoring System with Haptic Feedback to Promote Mindful Eating
OpenAlex,W4317419428,10.1109/gcce56475.2022.10014393,,2022,2022 IEEE 11th Global Conference on Consumer Electronics (GCCE),Identification of vocal tract state before and after swallowing using acoustic features
OpenAlex,W3082393871,10.48550/arxiv.2009.01179,,2020,arXiv (Cornell University),SURF-SVM Based Identification and Classification of Gastrointestinal Diseases in Wireless Capsule Endoscopy
OpenAlex,W4385705095,10.2139/ssrn.4535837,,2023,SSRN Electronic Journal,Feature Extraction and Classification of Swallowing and Chewing Sounds of Single Largemouth Bass (Micropterus Salmoides)
OpenAlex,W2066330041,10.1016/s0140-6736(12)60159-7,,2012,The Lancet,Will increased funding for neglected tropical diseases really make poverty history?
OpenAlex,W4393338450,10.1016/j.jcrc.2024.154594,,2024,Journal of Critical Care,"Severe and unusual presentation of Chikungunya virus infections in patients hospitalized in adult intensive care. San Lorenzo, Paraguay"
OpenAlex,W2894810571,10.1016/j.ajhg.2018.09.001,,2018,The American Journal of Human Genetics,Mutations in KCNK4 that Affect Gating Cause a Recognizable Neurodevelopmental Syndrome
OpenAlex,W2726216496,,,2017,The Sydney eScholarship Repository (The University of Sydney),A study of the functional properties of single motor units at computed-tomography-verified sites within the human medial pterygoid muscle during jaw movements
OpenAlex,W2410463335,10.1016/j.ajhg.2016.05.008,,2016,The American Journal of Human Genetics,Biallelic Mutations of VAC14 in Pediatric-Onset Neurological Disease
OpenAlex,W4394231383,10.6084/m9.figshare.20025904,,2022,Figshare,"Conservation of the Black-collared Swallow, Pygochelidon melanoleuca (Wied, 1820) (Aves: Hirundinidae) in Brazil: potential negative impacts of hydropower plants"
OpenAlex,W4392125667,10.1097/io9.0000000000000027,,2024,International Journal of Surgery Open,WHO officially recognises Noma as a NTD: suggested global scale countermeasures
OpenAlex,W4300082164,10.1115/1.4055836,,2022,Journal of Mechanisms and Robotics,Special Section: Theory and Design of Reconfigurable Mechanisms and Robots
OpenAlex,W4367303162,10.1212/wnl.0000000000203152,,2023,Neurology,Baseline Characteristics and Interim Safety in RESPOND: A Phase 4 Study in Children with Spinal Muscular Atrophy (SMA) Treated With Nusinersen After Onasemnogene Abeparvovec (P7-9.003)
OpenAlex,W2131596286,10.1111/j.1948-7134.2012.00218.x,,2012,Journal of Vector Ecology,Nest Mosquito Trap quantifies contact rates between nesting birds and mosquitoes
OpenAlex,W3194524833,10.7282/t3-1nsg-4a10,,2019,Rutgers University Community Repository (Rutgers University),Data driven approaches for improving quantification accuracy in surface enhanced Raman spectroscopy sensing
OpenAlex,W3011178890,10.4037/aacnacc2020436,,2020,AACN Advanced Critical Care,Spinal Muscular Atrophy in the Age of Gene Therapy
OpenAlex,W2049837266,10.1038/mt.2011.172,,2011,Molecular Therapy,And Then There Were Two
OpenAlex,W2991117158,10.1002/cpt.1676,,2019,Clinical Pharmacology & Therapeutics,From Molecule to Patient: A Biotech Perspective
OpenAlex,W4318171265,10.1016/s0002-9629(23)00609-2,,2023,The American Journal of the Medical Sciences,Neurodevelopmental outcomes in extremely premature infants treated with intratracheal budesonide-surfactant for the prevention of bronchopulmonary dysplasia
OpenAlex,W4236190825,10.1111/j.1948-7134.2010.00081.x,,2010,Journal of Vector Ecology,Sequel to Kitzmiller's Anopheline Names: Their Derivations and Histories
OpenAlex,W4401000184,10.1007/978-3-031-67088-6_2,,2024,Communications in computer and information science,Estimation of Fluid Intake Volume from Surface Electromyography Signals: A Comparative Study Between Subject-Specific and Global Regression Techniques
OpenAlex,W4393193997,10.31829/2641-7456/ahs2022-6(1)-001,,2022,Archives of Health Science,Case Report: Subacute Thyroiditis triggered by Sinovac and Oxford-AstraZeneca vaccine
OpenAlex,W7148812672,10.31718/2077-1096.26.1.275,,2026,Актуальні проблеми сучасної медицини Вісник Української медичної стоматологічної академії,CLINICAL SIGNIFICANCE OF ANATOMY AND FUBCTION OF THE HYROID BONE
OpenAlex,W7153156095,10.1088/1742-6596/3191/1/012114,,2026,Journal of Physics Conference Series,Non-Invasive Dietary Monitoring of Liquid and Solid Intake in Older People using Throat EMG
OpenAlex,W2972492981,10.14393/ufu.di.2019.1307,,2015,,"Conservação da andorinha-de-coleira, Pygochelidon melanoleuca (Wied, 1820) (Aves: Hirundinidae) no Brasil: ameaças por empreendimentos hidrelétricos"
OpenAlex,W7167283054,10.1021/acssensors.6c01452,,2026,ACS Sensors,A Wearable Earplug-Shaped Piezoresistive Sensor Based on Ear Canal Deformation for the Screening of Temporomandibular Joint Motion Abnormalities
OpenAlex,W7129233904,10.1002/advs.202517936,,2026,Advanced Science,AI‐Enhanced Vibrational Capsule for Minimally Invasive Detection of Abnormal Bowel Tissue
OpenAlex,W7162137462,10.64898/2026.05.21.726855,,2026,bioRxiv (Cold Spring Harbor Laboratory),Widespread circulation of West Nile and Usutu viruses in sedentary and migratory avifauna: A Two-Year Study (2024–2025) of active surveillance in South of France
OpenAlex,W2984360125,10.7554/elife.28728.031,,2018,,Author response: Efficient and accurate extraction of in vivo calcium signals from microendoscopic video data
OpenAlex,W4378649864,10.1152/physiol.2023.38.s1.5734530,,2023,Physiology,Role of Piezo2 in mechanosensation by vagal esophageal afferent fibers
OpenAlex,W2886630546,10.1016/j.jaci.2018.08.002,,2018,Journal of Allergy and Clinical Immunology,Allergen-specific sublingual immunotherapy is dose and duration dependent in a murine allergic rhinitis model
OpenAlex,W4318000893,10.33590/emjneurol/10185430,,2022,EMJ Neurology,Implications of the First Ex Vivo Gene Therapy Approved for Treating Early-Onset Metachromatic Leukodystrophy
OpenAlex,W3176924491,10.1096/fasebj.2018.32.1_supplement.743.7,,2018,The FASEB Journal,Impact of Intralingual AAVrh10‐miRSOD1 Injection on Respiratory Function in SOD1 <sup>G93A</sup> Mice
OpenAlex,W2979042247,10.14309/00000434-201410002-02125,,2014,The American Journal of Gastroenterology,"Incarcerated, Retroflexed Endoscope Associated With a Para-Esophageal Hernia"
OpenAlex,W2946868765,,,2018,DOAJ (DOAJ: Directory of Open Access Journals),STATIC OF ORTHODONTIC APPLIANCES WITH MOVABLE INCLINED PLANE FOR MESIAL BATE TREATMENT
OpenAlex,W7154853712,10.5281/zenodo.19643185,,2026,Open MIND,NeLLi-team/sgtree: SGTree v1.1
OpenAlex,W7133352914,10.5281/zenodo.18845661,,2026,Zenodo (CERN European Organization for Nuclear Research),NeLLi-team/sgtree: SGTree v1.1
OpenAlex,W3115530817,,,2011,The Keep (Eastern Illinois University),Smallpox Inoculation and Race Relations in Eighteenth and Nineteenth Century America
OpenAlex,W7124448164,10.3389/fbioe.2026.1667530,,2026,Frontiers in Bioengineering and Biotechnology,Double defense: enhancing tobacco with cyanobacterial and thaumatin genes
OpenAlex,W7162765606,10.5281/zenodo.20443319,,2026,Zenodo (CERN European Organization for Nuclear Research),PyAutoLabs/PyAutoLens: v2026.5.29.4
OpenAlex,W7165126332,10.5281/zenodo.20743342,,2026,Zenodo (CERN European Organization for Nuclear Research),chaobrain/braintools: v0.2.0
OpenAlex,W7167815538,10.5281/zenodo.21281616,,2026,Zenodo (CERN European Organization for Nuclear Research),bartulem/usv-playpen: v0.11.0
OpenAlex,W2884116510,10.1097/01819236-201710000-00001,,2017,Colombian Journal of Anesthesiology,"Zika, Guillain-Barré and anesthesiology: A point of intersection between public health and clinical practice☆: Zika, Guillain-Barré y anestesiología: un punto de intersección entre la salud pública y la práctica clínica"
OpenAlex,W4244898322,10.7554/elife.28728.030,,2017,,Decision letter: Efficient and accurate extraction of in vivo calcium signals from microendoscopic video data
OpenAlex,W4313649927,10.1097/op9.0000000000000040,,2023,European Journal of Oncology Pharmacy,ABSTRACTS
OpenAlex,W4405593217,10.1215/00138282-11343879,,2024,English Language Notes,Luminous Explosions
OpenAlex,W4324032875,10.5325/jhistrhetoric.26.1.0101,,2023,Journal for the History of Rhetoric,"Black Dignity: The Struggle against Domination, by Vincent W. Lloyd"
OpenAlex,W4311943386,10.5406/25784773.5.2.02,,2022,Jazz & Culture,Ship of Darkness: Jazz and/as Affect in the Global Cruise Industry
OpenAlex,W3122837721,10.7554/elife.59350.sa1,,2020,,Decision letter: Cytomegalovirus restricts ICOSL expression on antigen-presenting cells disabling T cell co-stimulation and contributing to immune evasion
OpenAlex,W3163953748,10.7554/elife.67291.sa1,,2021,,Decision letter: Constructing an adult orofacial premotor atlas in Allen mouse CCF
